Scene,NPC / Context,Field,CIV,BW,CS,Row ID
City Hall,,Scene Title,Pre-Riot: City Hall Briefing,Pre-Riot: City Hall,Pre-Riot: City Hall,story::CITY_HALL_ROUTE::sceneTitle
City Hall,,Scene Description,"Rajiv begins inside a Labour Front government fresh from the 2 April 1955 election. Marshall's victory feels hopeful, but worker grievances, bus disputes, and British scrutiny are already closing in.","Outside City Hall, Ahmad  hears Labour Front's promises and wonders whether a worker will finally be heard after the election or only addressed once the trouble begins.","Outside City Hall, Kim Chuan listens as election speeches, worker promises, and the mood of the crowd turn politics into something he can hear and question for himself.",story::CITY_HALL_ROUTE::sceneSubtitle
City Hall,David Marshall,NPC Name,David Marshall,David Marshall,David Marshall,variants::CITY_HALL_DAVID_MARSHALL_NPC::chatBubbleSpeaker
City Hall,David Marshall,NPC Line 1,"Labour Front has won, but victory only buys us the right to be judged.",,,variants::CITY_HALL_DAVID_MARSHALL_NPC::chatBubbleTexts[0]
City Hall,David Marshall,NPC Line 2,"Workers, students, and the British will all test whether this government moves faster than the grievances it inherited.",,,variants::CITY_HALL_DAVID_MARSHALL_NPC::chatBubbleTexts[1]
City Hall,David Marshall,NPC Line 3,"Watch Hock Lee closely. If a bus dispute hardens into a public confrontation, it becomes our first real measure in office.",,,variants::CITY_HALL_DAVID_MARSHALL_NPC::chatBubbleTexts[2]
City Hall,David Marshall,NPC Line 4,"Bring me facts, not celebration. Elections end in one night; governing begins the morning after.",,,variants::CITY_HALL_DAVID_MARSHALL_NPC::chatBubbleTexts[3]
City Hall,David Marshall,NPC Line 1,,"Get me clearer facts on conditions, union complaints, and how Hock Lee is treating its workers. We cannot afford to meet our first labour dispute with guesswork.",,config::CITY_HALL_BW_NPC_OVERRIDES::city-hall-david-marshall::chatBubbleTexts[0]
City Hall,David Marshall,NPC Line 2,,"If bus workers think this government listens to the company first, anger will spread far beyond one depot.",,config::CITY_HALL_BW_NPC_OVERRIDES::city-hall-david-marshall::chatBubbleTexts[1]
City Hall,David Marshall,NPC Line 3,,Find out whether management intends to bargain or simply delay until tempers harden.,,config::CITY_HALL_BW_NPC_OVERRIDES::city-hall-david-marshall::chatBubbleTexts[2]
City Hall,David Marshall,NPC Line 1,,,"Yes, the result is in. Labour Front has won, and by tomorrow people will ask what that victory means beyond the cheering.",config::CITY_HALL_CS_NPC_OVERRIDES::city-hall-david-marshall::chatBubbleTexts[0]
City Hall,David Marshall,NPC Line 2,,,"If you are a student listening from the crowd, remember this: elections do not end politics. They decide who must answer the public next.",config::CITY_HALL_CS_NPC_OVERRIDES::city-hall-david-marshall::chatBubbleTexts[1]
City Hall,David Marshall,NPC Line 3,,,Watch Hock Lee closely. A bus dispute after an election can teach you faster than any civics lesson how power is tested.,config::CITY_HALL_CS_NPC_OVERRIDES::city-hall-david-marshall::chatBubbleTexts[2]
City Hall,David Marshall,NPC Line 4,,,"Do not remember only that we won. Remember what workers, families, and schools will now expect from us.",config::CITY_HALL_CS_NPC_OVERRIDES::city-hall-david-marshall::chatBubbleTexts[3]
City Hall,Commander Albert,NPC Name,Commander Albert,Commander Albert,Commander Albert,variants::CITY_HALL_BRITISH_OFFICER_SOUTH_NPC::chatBubbleSpeaker
City Hall,Commander Albert,NPC Line 1,"Singapore may have a new Chief Minister, but communist influence has not disappeared.",,,variants::CITY_HALL_BRITISH_OFFICER_SOUTH_NPC::chatBubbleTexts[0]
City Hall,Commander Albert,NPC Line 2,"Bus workers are upset, and communist groups know how to turn that anger into political support.",,,variants::CITY_HALL_BRITISH_OFFICER_SOUTH_NPC::chatBubbleTexts[1]
City Hall,Commander Albert,NPC Line 3,"If Marshall moves too slowly, they will use this dispute to grow stronger.",,,variants::CITY_HALL_BRITISH_OFFICER_SOUTH_NPC::chatBubbleTexts[2]
City Hall,Commander Albert,NPC Line 1,,A bus dispute is never just about buses. Communist groups can use it to spread influence across Singapore.,,config::CITY_HALL_BW_NPC_OVERRIDES::city-hall-british-officer-south::chatBubbleTexts[0]
City Hall,Commander Albert,NPC Line 2,,"They know workers are frustrated, so they step in and turn anger into politics.",,config::CITY_HALL_BW_NPC_OVERRIDES::city-hall-british-officer-south::chatBubbleTexts[1]
City Hall,Commander Albert,NPC Line 3,,"If City Hall moves too slowly, communists will use that frustration to win more support.",,config::CITY_HALL_BW_NPC_OVERRIDES::city-hall-british-officer-south::chatBubbleTexts[2]
City Hall,Commander Albert,NPC Line 1,,,"Labour Front may have won, but communist influence in Singapore has not gone away.",config::CITY_HALL_CS_NPC_OVERRIDES::city-hall-british-officer-south::chatBubbleTexts[0]
City Hall,Commander Albert,NPC Line 2,,,"Bus workers are angry, and communist groups know how to turn that anger into support.",config::CITY_HALL_CS_NPC_OVERRIDES::city-hall-british-officer-south::chatBubbleTexts[1]
City Hall,Commander Albert,NPC Line 3,,,"If the new government cannot calm things quickly, communists will say only they truly understand the workers.",config::CITY_HALL_CS_NPC_OVERRIDES::city-hall-british-officer-south::chatBubbleTexts[2]
City Hall,Major Alfred,NPC Name,Major Alfred,Major Alfred,Major Alfred,variants::CITY_HALL_BRITISH_OFFICER_WEST_NPC::chatBubbleSpeaker
City Hall,Major Alfred,NPC Line 1,The British are watching communist influence very closely in Singapore.,,,variants::CITY_HALL_BRITISH_OFFICER_WEST_NPC::chatBubbleTexts[0]
City Hall,Major Alfred,NPC Line 2,"Communist organisers are active in unions and Chinese schools, especially when people already feel ignored.",,,variants::CITY_HALL_BRITISH_OFFICER_WEST_NPC::chatBubbleTexts[1]
City Hall,Major Alfred,NPC Line 3,That is why Hock Lee matters. A labour dispute can become part of a bigger communist movement very quickly.,,,variants::CITY_HALL_BRITISH_OFFICER_WEST_NPC::chatBubbleTexts[2]
City Hall,Major Alfred,NPC Line 1,,"The real worry is communist influence in Singapore. They are active in unions, schools, and street politics.",,config::CITY_HALL_BW_NPC_OVERRIDES::city-hall-british-officer-west::chatBubbleTexts[0]
City Hall,Major Alfred,NPC Line 2,,"When people feel ignored, communist organisers have an easier time pulling them to their side.",,config::CITY_HALL_BW_NPC_OVERRIDES::city-hall-british-officer-west::chatBubbleTexts[1]
City Hall,Major Alfred,NPC Line 3,,That is why Hock Lee matters. A labour dispute can quickly become part of a bigger communist campaign.,,config::CITY_HALL_BW_NPC_OVERRIDES::city-hall-british-officer-west::chatBubbleTexts[2]
City Hall,Major Alfred,NPC Line 1,,,Do not look only at the election result. Look at how communist groups are trying to shape events in Singapore.,config::CITY_HALL_CS_NPC_OVERRIDES::city-hall-british-officer-west::chatBubbleTexts[0]
City Hall,Major Alfred,NPC Line 2,,,"They are strongest where people already feel disappointed, especially in unions and Chinese schools.",config::CITY_HALL_CS_NPC_OVERRIDES::city-hall-british-officer-west::chatBubbleTexts[1]
City Hall,Major Alfred,NPC Line 3,,,"If ordinary people feel let down next week, communists will use that to grow stronger.",config::CITY_HALL_CS_NPC_OVERRIDES::city-hall-british-officer-west::chatBubbleTexts[2]
City Hall,Party Worker,NPC Name,Party Worker,Party Worker,Party Worker,variants::CITY_HALL_PARTY_WORKER_ARTIFACT_NPC::chatBubbleSpeaker
City Hall,Party Worker,NPC Line,Labour Front has won. Read the manifesto carefully; people will now expect these promises to be kept.,Labour Front has won. Read the manifesto carefully; people will now expect these promises to be kept.,Labour Front has won. Read the manifesto carefully; people will now expect these promises to be kept.,variants::CITY_HALL_PARTY_WORKER_ARTIFACT_NPC::chatBubbleText
City Hall,Party Worker,NPC Line 1,,You look like you've come from the bus lines. Take the manifesto and see what the new government promised.,,config::CITY_HALL_BW_NPC_OVERRIDES::city-hall-party-worker-manifesto::chatBubbleTexts[0]
City Hall,Party Worker,NPC Line 1,,,First time hearing the result? Labour Front has won. Read the manifesto and see what people now expect this new government to do.,config::CITY_HALL_CS_NPC_OVERRIDES::city-hall-party-worker-manifesto::chatBubbleTexts[0]
,,,,,,
Market,,Scene Title,Pre-Riot: Market Conversations,Pre-Riot: Market,Pre-Riot: Market,story::MARKET_ROUTE::sceneTitle
Market,,Scene Description,"In the market, Rajiv hears why labour anger spreads so easily: wages lag, prices rise, and cramped housing sharpen every complaint.","At the market, every purchase confirms what depot talk already says: wages do not keep up with food, rent, and household needs.","At the market, Kim Chuan hears that the same rising prices burdening families are also feeding worker anger at Hock Lee.",story::MARKET_ROUTE::sceneSubtitle
Market,Devan Nair,NPC Name,Devan Nair,Devan Nair,Devan Nair,variants::MARKET_DEVAN_NAIR_NPC::chatBubbleSpeaker
Market,Devan Nair,NPC Line 1,"I'm Devan Nair, a trade unionist working with workers across Singapore.","I'm Devan Nair, a trade unionist working with workers across Singapore.","I'm Devan Nair, a trade unionist working with workers across Singapore.",variants::MARKET_DEVAN_NAIR_NPC::chatBubbleTexts[0]
Market,Devan Nair,NPC Line 2,"Everywhere I go I hear the same complaint: long hours, low pay, and then the insult of being told to endure it quietly.","Everywhere I go I hear the same complaint: long hours, low pay, and then the insult of being told to endure it quietly.","Everywhere I go I hear the same complaint: long hours, low pay, and then the insult of being told to endure it quietly.",variants::MARKET_DEVAN_NAIR_NPC::chatBubbleTexts[1]
Market,Devan Nair,NPC Line 3,"When wages fail and prices rise, a bus worker, hawker, and dock labourer start hearing themselves in one another.","When wages fail and prices rise, a bus worker, hawker, and dock labourer start hearing themselves in one another.","When wages fail and prices rise, a bus worker, hawker, and dock labourer start hearing themselves in one another.",variants::MARKET_DEVAN_NAIR_NPC::chatBubbleTexts[2]
Market,Devan Nair,NPC Line 4,That is the ground on which a strike like Hock Lee can gather sympathy quickly.,That is the ground on which a strike like Hock Lee can gather sympathy quickly.,That is the ground on which a strike like Hock Lee can gather sympathy quickly.,variants::MARKET_DEVAN_NAIR_NPC::chatBubbleTexts[3]
Market,Devan Nair,NPC Line 5,"If Singapore wants stability, it has to treat labour as a human problem, not only a police one.","If Singapore wants stability, it has to treat labour as a human problem, not only a police one.","If Singapore wants stability, it has to treat labour as a human problem, not only a police one.",variants::MARKET_DEVAN_NAIR_NPC::chatBubbleTexts[4]
Market,Pak Hamid,NPC Name,Pak Hamid,Pak Hamid,Pak Hamid,variants::MARKET_FISHERMAN_NPC::chatBubbleSpeaker
Market,Pak Hamid,NPC Line 1,"Some mornings I bring in a fair catch and still go home short after paying for rice, fuel, and rent.","Some mornings I bring in a fair catch and still go home short after paying for rice, fuel, and rent.","Some mornings I bring in a fair catch and still go home short after paying for rice, fuel, and rent.",variants::MARKET_FISHERMAN_NPC::chatBubbleTexts[0]
Market,Pak Hamid,NPC Line 2,"The city grows, but for men like us the kampong stays crowded and the drains stay bad.","The city grows, but for men like us the kampong stays crowded and the drains stay bad.","The city grows, but for men like us the kampong stays crowded and the drains stay bad.",variants::MARKET_FISHERMAN_NPC::chatBubbleTexts[1]
Market,Pak Hamid,NPC Line 3,That is why people discuss Hock Lee here. Rising prices are felt in the market before they become speeches elsewhere.,That is why people discuss Hock Lee here. Rising prices are felt in the market before they become speeches elsewhere.,That is why people discuss Hock Lee here. Rising prices are felt in the market before they become speeches elsewhere.,variants::MARKET_FISHERMAN_NPC::chatBubbleTexts[2]
Market,Artist,NPC Name,Artist,Artist,Artist,variants::MARKET_ARTIST_NPC::chatBubbleSpeaker
Market,Artist,NPC Line,This woodcut shows the Chinese Middle School students' protest of 13 May 1954. Images like this help explain why students might answer Hock Lee with sympathy a year later.,This woodcut shows the Chinese Middle School students' protest of 13 May 1954. Images like this help explain why students might answer Hock Lee with sympathy a year later.,This woodcut shows the Chinese Middle School students' protest of 13 May 1954. Images like this help explain why students might answer Hock Lee with sympathy a year later.,variants::MARKET_ARTIST_NPC::chatBubbleText
Market,Mdm Lee,NPC Name,Mdm Lee,Mdm Lee,Mdm Lee,variants::MARKET_FOOD_SELLER_EAST_NPC::chatBubbleSpeaker
Market,Mdm Lee,NPC Line 1,"Customers complain my noodles cost more now, but charcoal, oil, and ingredients all cost more too.","Customers complain my noodles cost more now, but charcoal, oil, and ingredients all cost more too.",,variants::MARKET_FOOD_SELLER_EAST_NPC::chatBubbleTexts[0]
Market,Mdm Lee,NPC Line 2,"The poor blame the seller, the seller blames the wholesaler, and everyone waits to see whether the new government listens any better than the old one.","The poor blame the seller, the seller blames the wholesaler, and everyone waits to see whether the new government listens any better than the old one.",,variants::MARKET_FOOD_SELLER_EAST_NPC::chatBubbleTexts[1]
Market,Mdm Lee,NPC Line 3,A family can work all day in Singapore and still worry about next month's rent. That is the sort of pressure that makes strikes feel understandable.,A family can work all day in Singapore and still worry about next month's rent. That is the sort of pressure that makes strikes feel understandable.,,variants::MARKET_FOOD_SELLER_EAST_NPC::chatBubbleTexts[2]
Market,Mdm Lee,NPC Line 1,,,"Customers complain my noodles cost more now, but charcoal, oil, and ingredients all cost more too.",config::MARKET_CS_NPC_OVERRIDES::market-food-seller-east::chatBubbleTexts[0]
Market,Muthu Krishnan,NPC Name,Muthu Krishnan,Muthu Krishnan,Muthu Krishnan,variants::MARKET_BUS_WORKER_EAST_NPC::chatBubbleSpeaker
Market,Muthu Krishnan,NPC Line 1,So many hours on the road and still my pay disappears the moment I hand it over at home.,So many hours on the road and still my pay disappears the moment I hand it over at home.,So many hours on the road and still my pay disappears the moment I hand it over at home.,variants::MARKET_BUS_WORKER_EAST_NPC::chatBubbleTexts[0]
Market,Muthu Krishnan,NPC Line 2,"They want punctual buses, but drivers are tired, conductors are stretched, and the company treats us as replaceable.","They want punctual buses, but drivers are tired, conductors are stretched, and the company treats us as replaceable.","They want punctual buses, but drivers are tired, conductors are stretched, and the company treats us as replaceable.",variants::MARKET_BUS_WORKER_EAST_NPC::chatBubbleTexts[1]
Market,Muthu Krishnan,NPC Line 3,That is why men at Hock Lee are talking about more than money now. Being treated as disposable has its own anger.,That is why men at Hock Lee are talking about more than money now. Being treated as disposable has its own anger.,That is why men at Hock Lee are talking about more than money now. Being treated as disposable has its own anger.,variants::MARKET_BUS_WORKER_EAST_NPC::chatBubbleTexts[2]
Market,Tan Ah Seng,NPC Name,Tan Ah Seng,Tan Ah Seng,Tan Ah Seng,variants::MARKET_BUS_WORKER_SOUTH_NPC::chatBubbleSpeaker
Market,Tan Ah Seng,NPC Line 1,"I am struggling to find a new house. The old place leaks, but every better room costs more than I can manage.","I am struggling to find a new house. The old place leaks, but every better room costs more than I can manage.","I am struggling to find a new house. The old place leaks, but every better room costs more than I can manage.",variants::MARKET_BUS_WORKER_SOUTH_NPC::chatBubbleTexts[0]
Market,Tan Ah Seng,NPC Line 2,"We keep the city moving, yet many of us still raise children in cramped quarters with bad roofs and worse sanitation.","We keep the city moving, yet many of us still raise children in cramped quarters with bad roofs and worse sanitation.","We keep the city moving, yet many of us still raise children in cramped quarters with bad roofs and worse sanitation.",variants::MARKET_BUS_WORKER_SOUTH_NPC::chatBubbleTexts[1]
Market,Tan Ah Seng,NPC Line 3,A man can accept hard work. It is harder to accept that hard work still buys so little and still earns so little respect.,A man can accept hard work. It is harder to accept that hard work still buys so little and still earns so little respect.,A man can accept hard work. It is harder to accept that hard work still buys so little and still earns so little respect.,variants::MARKET_BUS_WORKER_SOUTH_NPC::chatBubbleTexts[2]
Market,Hassan bin Ali,NPC Name,Hassan bin Ali,Hassan bin Ali,Hassan bin Ali,variants::MARKET_BUS_WORKER_WEST_NPC::chatBubbleSpeaker
Market,Hassan bin Ali,NPC Line 1,"Everything is so expensive now. I joke about eggs, but truthfully even simple meals are becoming a calculation.","Everything is so expensive now. I joke about eggs, but truthfully even simple meals are becoming a calculation.","Everything is so expensive now. I joke about eggs, but truthfully even simple meals are becoming a calculation.",variants::MARKET_BUS_WORKER_WEST_NPC::chatBubbleTexts[0]
Market,Hassan bin Ali,NPC Line 2,"When wages stay flat and food climbs, every small purchase turns into an argument at home.","When wages stay flat and food climbs, every small purchase turns into an argument at home.","When wages stay flat and food climbs, every small purchase turns into an argument at home.",variants::MARKET_BUS_WORKER_WEST_NPC::chatBubbleTexts[1]
Market,Hassan bin Ali,NPC Line 3,That is why people join unions. It is not only politics. It is about surviving with some dignity.,That is why people join unions. It is not only politics. It is about surviving with some dignity.,That is why people join unions. It is not only politics. It is about surviving with some dignity.,variants::MARKET_BUS_WORKER_WEST_NPC::chatBubbleTexts[2]
,,,,,,
Home (Civil Servant),,Scene Title,Pre-Riot: Unrest at Home,,,story::HOME_CIVIL_SERVANT_ROUTE::sceneTitle
Home (Civil Servant),,Scene Description,"At home, radio bulletins and family questions turn official briefings into private unease. Hock Lee no longer feels like just another case file.",,,story::HOME_CIVIL_SERVANT_ROUTE::sceneSubtitle
Home (Civil Servant),Lakshmi,NPC Name,Lakshmi,,,variants::HOME_CIVIL_SERVANT_WIFE_NPC::chatBubbleSpeaker
Home (Civil Servant),Lakshmi,NPC Line 1,You've been quiet since you came home. What are all those reports and meetings really telling you?,,,variants::HOME_CIVIL_SERVANT_WIFE_NPC::chatBubbleTexts[0]
Home (Civil Servant),Rising Prices,Chat Option 1 — Player Option Text,Rising prices are making everything worse.,,,variants::HOME_CIVIL_SERVANT_WIFE_NPC::dialogueChoices::[0]::label
Home (Civil Servant),Rising Prices,Chat Option 1 — Player Says,Rising prices are making every complaint sharper. Even everyday worker problems are starting to grow into something bigger.,,,variants::HOME_CIVIL_SERVANT_WIFE_NPC::dialogueChoices::[0]::playerText
Home (Civil Servant),Rising Prices,Chat Option 1 — NPC Reply,Then the city is shakier than the papers admit. Promise me you will not treat this like just another file.,,,variants::HOME_CIVIL_SERVANT_WIFE_NPC::dialogueChoices::[0]::npcReply
Home (Civil Servant),Government Unsure,Chat Option 2 — Player Option Text,"The office thinks it can manage this, but I'm no longer sure.",,,variants::HOME_CIVIL_SERVANT_WIFE_NPC::dialogueChoices::[1]::label
Home (Civil Servant),Government Unsure,Chat Option 2 — Player Says,"The office still thinks meetings and reports can manage this dispute, but I'm no longer sure that will be enough.",,,variants::HOME_CIVIL_SERVANT_WIFE_NPC::dialogueChoices::[1]::playerText
Home (Civil Servant),Government Unsure,Chat Option 2 — NPC Reply,"That doubt worries me more than any headline. If even you sound doubtful, the situation must be serious.",,,variants::HOME_CIVIL_SERVANT_WIFE_NPC::dialogueChoices::[1]::npcReply
Home (Civil Servant),Rumor Faster Than Facts,Chat Option 3 — Player Option Text,Rumours are moving faster than facts.,,,variants::HOME_CIVIL_SERVANT_WIFE_NPC::dialogueChoices::[2]::label
Home (Civil Servant),Rumor Faster Than Facts,Chat Option 3 — Player Says,What troubles me most is how fast rumour is moving. People may act on fear before the government even understands the situation.,,,variants::HOME_CIVIL_SERVANT_WIFE_NPC::dialogueChoices::[2]::playerText
Home (Civil Servant),Rumor Faster Than Facts,Chat Option 3 — NPC Reply,Then be careful what you repeat and who you trust. Fear can do damage before any order is given.,,,variants::HOME_CIVIL_SERVANT_WIFE_NPC::dialogueChoices::[2]::npcReply
Home (Civil Servant),Poster,NPC Line,"A polished travel poster promises a calm, thriving Singapore that Rajiv's reports keep complicating.",,,variants::HOME_CIVIL_SERVANT_ARTIFACT_NPCS::[0]::chatBubbleText
Home (Civil Servant),Parker Pen,NPC Line,"A fountain pen lies beside Rajiv's reading, ready to turn observation into official notes.",,,variants::HOME_CIVIL_SERVANT_ARTIFACT_NPCS::[1]::chatBubbleText
,,,,,,
Home (Bus Worker),,Scene Title,,Pre-Riot: Home,,story::HOME_BUS_WORKER_ROUTE::sceneTitle
Home (Bus Worker),,Scene Description,,"At home, Ahmad explains why the men are angry: union leave is denied, a rival union is treated better, and management keeps dismissing workers as warnings to the rest.",,story::HOME_BUS_WORKER_ROUTE::sceneSubtitle
Home (Bus Worker),Aminah,NPC Name,,Aminah,,variants::HOME_BUS_WORKER_WIFE_NPC::chatBubbleSpeaker
Home (Bus Worker),Aminah,NPC Line 1,,"You came home looking worn out again. Tell me honestly, why are the men at Hock Lee talking about sitting at the gates and losing pay, and what happens to us if it all turns bad?",,variants::HOME_BUS_WORKER_WIFE_NPC::chatBubbleTexts[0]
Home (Bus Worker),Union Recognition Dismissals,Chat Option 1 — Player Option Text,,Management keeps dismissing men and brushing off the union.,,variants::HOME_BUS_WORKER_WIFE_NPC::dialogueChoices::[0]::label
Home (Bus Worker),Union Recognition Dismissals,Chat Option 1 — Player Says,,"It did not begin with one bad day. Hock Lee kept denying union leave, treating the other union better, and dismissing men as warnings to the rest of us. After 229 workers were thrown out, more men started to think a strike was the only way to make management listen.",,variants::HOME_BUS_WORKER_WIFE_NPC::dialogueChoices::[0]::playerText
Home (Bus Worker),Union Recognition Dismissals,Chat Option 1 — NPC Reply,,That is exactly what frightens me. Every dismissal feels like a warning to every other man still working there. I do not want your name to be the next one carried into that struggle.,,variants::HOME_BUS_WORKER_WIFE_NPC::dialogueChoices::[0]::npcReply
Home (Bus Worker),Wages Prices,Chat Option 2 — Player Option Text,,Our wages no longer keep up with what life costs.,,variants::HOME_BUS_WORKER_WIFE_NPC::dialogueChoices::[1]::label
Home (Bus Worker),Wages Prices,Chat Option 2 — Player Says,,"Look at what things cost now. Rice, rent, oil, and even the small household items keep going up, but our pay does not. Men finish long shifts, come home exhausted, and still watch every coin. That kind of strain follows us back onto the buses and into every talk at the depot.",,variants::HOME_BUS_WORKER_WIFE_NPC::dialogueChoices::[1]::playerText
Home (Bus Worker),Wages Prices,Chat Option 2 — NPC Reply,,"I know the money is not enough. I feel it every time I go to market and have to put something back. That is why I understand the anger, even while I worry what lost pay during a strike would do to us.",,variants::HOME_BUS_WORKER_WIFE_NPC::dialogueChoices::[1]::npcReply
Home (Bus Worker),Conditions Dignity,Chat Option 3 — Player Option Text,,"It is also about conditions and respect, not only pay.",,variants::HOME_BUS_WORKER_WIFE_NPC::dialogueChoices::[2]::label
Home (Bus Worker),Conditions Dignity,Chat Option 3 — Player Says,,"People outside say it is all politics, but at the depot it feels more ordinary than that. The men are tired of the hours, the pressure, and the way management ignores us, especially when union men ask for fair treatment. After enough of that, it stops being only about money. It becomes about whether a man is treated with respect.",,variants::HOME_BUS_WORKER_WIFE_NPC::dialogueChoices::[2]::playerText
Home (Bus Worker),Conditions Dignity,Chat Option 3 — NPC Reply,,"Then promise me you will be careful. I can hear why the men are angry. But once a strike begins, students, police, and strangers all gather around it, and that is when fear grows bigger.",,variants::HOME_BUS_WORKER_WIFE_NPC::dialogueChoices::[2]::npcReply
Home (Bus Worker),Family Duty,Chat Option 4 — Player Option Text,,I am thinking about this house as much as the strike.,,variants::HOME_BUS_WORKER_WIFE_NPC::dialogueChoices::[3]::label
Home (Bus Worker),Family Duty,Chat Option 4 — Player Says,,"That is the hardest part. At the depot I stand with the men because what they are saying is real, but on the walk home I think about this room, the rent, and all of you. I am trying to stand by my fellow workers without failing my family.",,variants::HOME_BUS_WORKER_WIFE_NPC::dialogueChoices::[3]::playerText
Home (Bus Worker),Family Duty,Chat Option 4 — NPC Reply,,"Then hold on to that thought when the crowd gets louder. If you must take a stand, do it with open eyes and remember who will carry the cost with you.",,variants::HOME_BUS_WORKER_WIFE_NPC::dialogueChoices::[3]::npcReply
Home (Bus Worker),Tingkat,NPC Line,,"A tingkat brings the routines of food, work, and family into the same cramped room.",,variants::HOME_BUS_WORKER_ARTIFACT_NPCS::[0]::chatBubbleText
Home (Bus Worker),Hand Fan,NPC Line,,The woven hand fan makes the heat and closeness of the room part of the story too.,,variants::HOME_BUS_WORKER_ARTIFACT_NPCS::[1]::chatBubbleText
,,,,,,
Home (Chinese Student),,Scene Title,,,Pre-Riot: Home,story::HOME_STUDENT_ROUTE::sceneTitle
Home (Chinese Student),,Scene Description,,,"At home, Ong Kim Wah explains the dispute plainly: unfair treatment, union tension, and dismissals are pushing the depot toward strike action.",story::HOME_STUDENT_ROUTE::sceneSubtitle
Home (Chinese Student),Ong Kim Wah,NPC Name,,,Ong Kim Wah,variants::HOME_CHINESE_STUDENT_SIBLING_NPC::chatBubbleSpeaker
Home (Chinese Student),Ong Kim Wah,NPC Line 1,,,"Kim Chuan, I came straight from Hock Lee. The 229 dismissals have changed everything. Men are at the gates now, and the whole depot feels like a place waiting for a spark.",variants::HOME_CHINESE_STUDENT_SIBLING_NPC::chatBubbleTexts[0]
Home (Chinese Student),Hock Lee Dismissals,Chat Option 1 — Player Option Text,,,Ask what started the trouble at the depot.,variants::HOME_CHINESE_STUDENT_SIBLING_NPC::dialogueChoices::[0]::label
Home (Chinese Student),Hock Lee Dismissals,Chat Option 1 — Player Says,,,You look worn out. What exactly has been happening at Hock Lee to make everyone so tense?,variants::HOME_CHINESE_STUDENT_SIBLING_NPC::dialogueChoices::[0]::playerText
Home (Chinese Student),Hock Lee Dismissals,Chat Option 1 — NPC Reply,,,"It began with unfair treatment. Men were denied leave to attend union meetings, workers in the other union seemed to get better treatment, and dismissals kept hanging over us. When the company finally pushed out 229 workers, every man at Hock Lee knew the warning could one day have been his.",variants::HOME_CHINESE_STUDENT_SIBLING_NPC::dialogueChoices::[0]::npcReply
Home (Chinese Student),Hock Lee Union Demands,Chat Option 2 — Player Option Text,,,Ask what the workers are demanding.,variants::HOME_CHINESE_STUDENT_SIBLING_NPC::dialogueChoices::[1]::label
Home (Chinese Student),Hock Lee Union Demands,Chat Option 2 — Player Says,,,At school I keep hearing people talk about the union. What do the workers actually want?,variants::HOME_CHINESE_STUDENT_SIBLING_NPC::dialogueChoices::[1]::playerText
Home (Chinese Student),Hock Lee Union Demands,Chat Option 2 — NPC Reply,,,"Most of the men want the company to take the union seriously, bring back the dismissed workers, and deal more fairly with wages and conditions. People outside keep calling it politics, but at the depot it feels more basic than that. The men are tired of being treated as disposable.",variants::HOME_CHINESE_STUDENT_SIBLING_NPC::dialogueChoices::[1]::npcReply
Home (Chinese Student),Hock Lee Not Yet Riot,Chat Option 3 — Player Option Text,,,Ask whether it has already become a riot.,variants::HOME_CHINESE_STUDENT_SIBLING_NPC::dialogueChoices::[2]::label
Home (Chinese Student),Hock Lee Not Yet Riot,Chat Option 3 — Player Says,,,People in the neighbourhood are already using dangerous words. Has it turned into a riot yet?,variants::HOME_CHINESE_STUDENT_SIBLING_NPC::dialogueChoices::[2]::playerText
Home (Chinese Student),Hock Lee Not Yet Riot,Chat Option 3 — NPC Reply,,,"Not yet. Right now it is still a labour dispute, with men sitting at the gates and students starting to arrive with food and songs. But tempers are short, police are nearby, and it could turn ugly very quickly.",variants::HOME_CHINESE_STUDENT_SIBLING_NPC::dialogueChoices::[2]::npcReply
Home (Chinese Student),Hock Lee Reaches Home,Chat Option 4 — Player Option Text,,,Ask why it is reaching students and families so quickly.,variants::HOME_CHINESE_STUDENT_SIBLING_NPC::dialogueChoices::[3]::label
Home (Chinese Student),Hock Lee Reaches Home,Chat Option 4 — Player Says,,,"If this is happening at the bus depot, why does it already feel so close to school and home?",variants::HOME_CHINESE_STUDENT_SIBLING_NPC::dialogueChoices::[3]::playerText
Home (Chinese Student),Hock Lee Reaches Home,Chat Option 4 — NPC Reply,,,"Because bus workers do not live inside the depot gates. We come home to the same kitchens, markets, and school fees as everyone else. Once enough families start worrying about dismissals, lost pay, and what the police may do next, the dispute stops being only the workers' problem.",variants::HOME_CHINESE_STUDENT_SIBLING_NPC::dialogueChoices::[3]::npcReply
Home (Chinese Student),Home Student Kerosene Lamp,NPC Line,,,"A kerosene lamp marks the kind of evening light under which worry, study, and family talk continue.",variants::HOME_STUDENT_ARTIFACT_NPCS::[0]::chatBubbleText
Home (Chinese Student),Home Student Textbook,NPC Line,,,The textbook reminds you that school lessons shape how students understand politics before they ever join a crowd.,variants::HOME_STUDENT_ARTIFACT_NPCS::[1]::chatBubbleText
Home (Chinese Student),Home Student Tingkat,NPC Line,,,A tingkat would be useful if you need to carry food to the depot.,variants::HOME_STUDENT_ARTIFACT_NPCS::[2]::chatBubbleText
,,,,,,
Government Office,,Scene Title,Riot: Government Crisis Meeting,Riot: Government Office,,story::GOVERNMENT_OFFICE_ROUTE::sceneTitle
Government Office,,Scene Description,"Inside government, Rajiv helps track Marshall's attempt to broker terms between the Singapore Bus Workers' Union and the company after 229 dismissals. Every hour without a settlement makes the next clash more likely.","While Marshall tries to mediate, Ahmad waits outside with the other workers, unsure whether the talks will bring back the dismissed men or only more delay.",,story::GOVERNMENT_OFFICE_ROUTE::sceneSubtitle
Government Office,David Marshall,NPC Name,David Marshall,David Marshall,David Marshall,variants::GOVERNMENT_OFFICE_DAVID_MARSHALL_NPC::chatBubbleSpeaker
Government Office,David Marshall,NPC Line 1,We are not here to trade speeches. The dismissed men must be discussed directly or this room is only theatre.,We are not here to trade speeches. The dismissed men must be discussed directly or this room is only theatre.,We are not here to trade speeches. The dismissed men must be discussed directly or this room is only theatre.,variants::GOVERNMENT_OFFICE_DAVID_MARSHALL_NPC::chatBubbleTexts[0]
Government Office,David Marshall,NPC Line 2,"If the company wants buses running, it must answer why so many workers were pushed out and why the union was handled this way.","If the company wants buses running, it must answer why so many workers were pushed out and why the union was handled this way.","If the company wants buses running, it must answer why so many workers were pushed out and why the union was handled this way.",variants::GOVERNMENT_OFFICE_DAVID_MARSHALL_NPC::chatBubbleTexts[1]
Government Office,David Marshall,NPC Line 3,I want a settlement before Hock Lee becomes a public spectacle the whole city feels compelled to join.,I want a settlement before Hock Lee becomes a public spectacle the whole city feels compelled to join.,I want a settlement before Hock Lee becomes a public spectacle the whole city feels compelled to join.,variants::GOVERNMENT_OFFICE_DAVID_MARSHALL_NPC::chatBubbleTexts[2]
Government Office,Lee Kuan Yew,NPC Name,Lee Kuan Yew,Lee Kuan Yew,Lee Kuan Yew,variants::GOVERNMENT_OFFICE_LEE_KUAN_YEW_NPC::chatBubbleSpeaker
Government Office,Lee Kuan Yew,NPC Line 1,"Lee Kuan Yew. I'm here as a lawyer and observer, not the man leading the meeting.","Lee Kuan Yew. I'm here as a lawyer and observer, not the man leading the meeting.","Lee Kuan Yew. I'm here as a lawyer and observer, not the man leading the meeting.",variants::GOVERNMENT_OFFICE_LEE_KUAN_YEW_NPC::chatBubbleTexts[0]
Government Office,Lee Kuan Yew,NPC Line 2,Marshall is trying to keep a labour dispute from becoming a wider political confrontation.,Marshall is trying to keep a labour dispute from becoming a wider political confrontation.,Marshall is trying to keep a labour dispute from becoming a wider political confrontation.,variants::GOVERNMENT_OFFICE_LEE_KUAN_YEW_NPC::chatBubbleTexts[1]
Government Office,Lee Kuan Yew,NPC Line 3,"Once workers sit at the gates and the public starts taking sides, every legal point becomes a political one.","Once workers sit at the gates and the public starts taking sides, every legal point becomes a political one.","Once workers sit at the gates and the public starts taking sides, every legal point becomes a political one.",variants::GOVERNMENT_OFFICE_LEE_KUAN_YEW_NPC::chatBubbleTexts[2]
Government Office,Lee Kuan Yew,NPC Line 4,"What happens in this room will shape not just the company and the union, but how this government is judged.","What happens in this room will shape not just the company and the union, but how this government is judged.","What happens in this room will shape not just the company and the union, but how this government is judged.",variants::GOVERNMENT_OFFICE_LEE_KUAN_YEW_NPC::chatBubbleTexts[3]
Government Office,Fong Swee Suan,NPC Name,Fong Swee Suan,Fong Swee Suan,Fong Swee Suan,variants::GOVERNMENT_OFFICE_FENG_SWEE_SUAN_NPC::chatBubbleSpeaker
Government Office,Fong Swee Suan,NPC Line 1,"Our men did not come here over one insult. Hock Lee denied union leave, favoured a rival union, and kept dismissing workers as warnings to the rest.","Our men did not come here over one insult. Hock Lee denied union leave, favoured a rival union, and kept dismissing workers as warnings to the rest.","Our men did not come here over one insult. Hock Lee denied union leave, favoured a rival union, and kept dismissing workers as warnings to the rest.",variants::GOVERNMENT_OFFICE_FENG_SWEE_SUAN_NPC::chatBubbleTexts[0]
Government Office,Fong Swee Suan,NPC Line 2,"Begin with the 229 men thrown out. If they are not taken back, no one at the depot will call these talks serious.","Begin with the 229 men thrown out. If they are not taken back, no one at the depot will call these talks serious.","Begin with the 229 men thrown out. If they are not taken back, no one at the depot will call these talks serious.",variants::GOVERNMENT_OFFICE_FENG_SWEE_SUAN_NPC::chatBubbleTexts[1]
Government Office,Fong Swee Suan,NPC Line 3,The workers have shown discipline so far. Do not answer that discipline with delay.,The workers have shown discipline so far. Do not answer that discipline with delay.,The workers have shown discipline so far. Do not answer that discipline with delay.,variants::GOVERNMENT_OFFICE_FENG_SWEE_SUAN_NPC::chatBubbleTexts[2]
Government Office,Bus Company Boss,NPC Name,Bus Company Boss,Bus Company Boss,Bus Company Boss,variants::GOVERNMENT_OFFICE_BUS_BOSS_NPC::chatBubbleSpeaker
Government Office,Bus Company Boss,NPC Line 1,"You speak as if the company has no problems of its own. Costs are rising too, and discipline inside the depot matters.","You speak as if the company has no problems of its own. Costs are rising too, and discipline inside the depot matters.","You speak as if the company has no problems of its own. Costs are rising too, and discipline inside the depot matters.",variants::GOVERNMENT_OFFICE_BUS_BOSS_NPC::chatBubbleTexts[0]
Government Office,Bus Company Boss,NPC Line 2,You ask about dismissals as though idle buses and disorder cost nothing. They do.,You ask about dismissals as though idle buses and disorder cost nothing. They do.,You ask about dismissals as though idle buses and disorder cost nothing. They do.,variants::GOVERNMENT_OFFICE_BUS_BOSS_NPC::chatBubbleTexts[1]
Government Office,Bus Company Boss,NPC Line 3,"I can discuss terms, but not while a hunger strike and blocked gate are being used to force my hand.","I can discuss terms, but not while a hunger strike and blocked gate are being used to force my hand.","I can discuss terms, but not while a hunger strike and blocked gate are being used to force my hand.",variants::GOVERNMENT_OFFICE_BUS_BOSS_NPC::chatBubbleTexts[2]
Government Office,Civil Servant Typewriter Object,NPC Line,The typewriter sits ready to turn this meeting's tension into formal notes.,,,config::GOVERNMENT_OFFICE_CIV_TYPEWRITER_NPC::chatBubbleText
,,,,,,
Bus Depot,,Scene Title,Riot: Bus Depot Standoff,Riot: Bus Depot,Riot: Bus Depot,story::BUS_DEPOT_ROUTE::sceneTitle
Bus Depot,,Scene Description,"At the depot on 27 April, Rajiv sees dismissed workers sitting at the gates, buses blocked from leaving, and police crowding close to a labour dispute that is becoming public theatre.","At the depot in late April, Ahmad joins men sitting at the gates after 229 dismissals. The hunger strike and bus blockade make their anger impossible to ignore.","At the depot, Kim Chuan sees how student support changes the mood: what began as a workers' dispute now feels like a broader public cause.",story::BUS_DEPOT_ROUTE::sceneSubtitle
Bus Depot,Fong Swee Suan,NPC Name,Fong Swee Suan,Fong Swee Suan,Fong Swee Suan,variants::BUS_DEPOT_FENG_SWEE_SUAN_NPC::chatBubbleSpeaker
Bus Depot,Fong Swee Suan,NPC Line 1,"The men did not walk out for drama. Hock Lee denied union leave, favoured the other union, and treated workers as if we could be discarded.","The men did not walk out for drama. Hock Lee denied union leave, favoured the other union, and treated workers as if we could be discarded.","The men did not walk out for drama. Hock Lee denied union leave, favoured the other union, and treated workers as if we could be discarded.",variants::BUS_DEPOT_FENG_SWEE_SUAN_NPC::chatBubbleTexts[0]
Bus Depot,Fong Swee Suan,NPC Line 2,"When 229 men were dismissed, the argument changed. We will hold the gate until management is forced to face what it has done.","When 229 men were dismissed, the argument changed. We will hold the gate until management is forced to face what it has done.","When 229 men were dismissed, the argument changed. We will hold the gate until management is forced to face what it has done.",variants::BUS_DEPOT_FENG_SWEE_SUAN_NPC::chatBubbleTexts[1]
Bus Depot,Fong Swee Suan,NPC Line 3,"Keep the line disciplined. The point is to stop the buses and make the injustice visible, not to hand anyone an excuse.","Keep the line disciplined. The point is to stop the buses and make the injustice visible, not to hand anyone an excuse.","Keep the line disciplined. The point is to stop the buses and make the injustice visible, not to hand anyone an excuse.",variants::BUS_DEPOT_FENG_SWEE_SUAN_NPC::chatBubbleTexts[2]
Bus Depot,Fong Swee Suan Gate,NPC Line 1,Hold the line at the gates. The hunger strike and blockade mean nothing if the buses slip out as though the dismissals never happened.,Hold the line at the gates. The hunger strike and blockade mean nothing if the buses slip out as though the dismissals never happened.,Hold the line at the gates. The hunger strike and blockade mean nothing if the buses slip out as though the dismissals never happened.,variants::BUS_DEPOT_GATE_FENG_SWEE_SUAN_NPC::chatBubbleTexts[0]
Bus Depot,Fong Swee Suan Gate,NPC Line 2,Students are bringing food and songs because they want the company to see this dispute is no longer hidden inside the depot.,Students are bringing food and songs because they want the company to see this dispute is no longer hidden inside the depot.,Students are bringing food and songs because they want the company to see this dispute is no longer hidden inside the depot.,variants::BUS_DEPOT_GATE_FENG_SWEE_SUAN_NPC::chatBubbleTexts[1]
Bus Depot,Fong Swee Suan Gate,NPC Line 3,"Stay calm, stay together, and remember why we came here. If the police arrive, they must meet workers who know exactly what they are standing for.","Stay calm, stay together, and remember why we came here. If the police arrive, they must meet workers who know exactly what they are standing for.","Stay calm, stay together, and remember why we came here. If the police arrive, they must meet workers who know exactly what they are standing for.",variants::BUS_DEPOT_GATE_FENG_SWEE_SUAN_NPC::chatBubbleTexts[2]
Bus Depot,Bus Company Boss,NPC Name,Bus Company Boss,Bus Company Boss,Bus Company Boss,variants::BUS_DEPOT_BUS_BOSS_NPC::chatBubbleSpeaker
Bus Depot,Bus Company Boss,NPC Line 1,"You keep stirring the men up, Feng, as if I can run a bus company on demands and slogans.","You keep stirring the men up, Feng, as if I can run a bus company on demands and slogans.","You keep stirring the men up, Feng, as if I can run a bus company on demands and slogans.",variants::BUS_DEPOT_BUS_BOSS_NPC::chatBubbleTexts[0]
Bus Depot,Bus Company Boss,NPC Line 2,"There are costs, rival unions, and discipline to maintain. I will not hand control of the depot to whoever shouts loudest.","There are costs, rival unions, and discipline to maintain. I will not hand control of the depot to whoever shouts loudest.","There are costs, rival unions, and discipline to maintain. I will not hand control of the depot to whoever shouts loudest.",variants::BUS_DEPOT_BUS_BOSS_NPC::chatBubbleTexts[1]
Bus Depot,Bus Company Boss,NPC Line 3,"If you bring the men to the gate, understand what you are choosing. A blockade turns grievance into confrontation.","If you bring the men to the gate, understand what you are choosing. A blockade turns grievance into confrontation.","If you bring the men to the gate, understand what you are choosing. A blockade turns grievance into confrontation.",variants::BUS_DEPOT_BUS_BOSS_NPC::chatBubbleTexts[2]
Bus Depot,BUS_DEPOT_REACTING_BUS_BOSS_NPC,NPC Line 1,"So this is your answer then: dismissed men at my gate, buses held back, and students gathering outside.","So this is your answer then: dismissed men at my gate, buses held back, and students gathering outside.","So this is your answer then: dismissed men at my gate, buses held back, and students gathering outside.",variants::BUS_DEPOT_REACTING_BUS_BOSS_NPC::chatBubbleTexts[0]
Bus Depot,BUS_DEPOT_REACTING_BUS_BOSS_NPC,NPC Line 2,"A crowd does not change the books, but it does turn a company dispute into a public humiliation.","A crowd does not change the books, but it does turn a company dispute into a public humiliation.","A crowd does not change the books, but it does turn a company dispute into a public humiliation.",variants::BUS_DEPOT_REACTING_BUS_BOSS_NPC::chatBubbleTexts[1]
Bus Depot,BUS_DEPOT_REACTING_BUS_BOSS_NPC,NPC Line 3,"Clear a way back to the table and I will talk. Keep the blockade, and the whole city will be dragged into this.","Clear a way back to the table and I will talk. Keep the blockade, and the whole city will be dragged into this.","Clear a way back to the table and I will talk. Keep the blockade, and the whole city will be dragged into this.",variants::BUS_DEPOT_REACTING_BUS_BOSS_NPC::chatBubbleTexts[2]
Bus Depot,Student Volunteer,NPC Name,,Student Volunteer,,config::BUS_DEPOT_BW_STUDENT_SUPPORT_NPCS::[0]::chatBubbleSpeaker
Bus Depot,Student Volunteer,NPC Line 1,,"We brought bread, tea, and a little money. The men should not have to choose between holding the gate and eating tonight.",,config::BUS_DEPOT_BW_STUDENT_SUPPORT_NPCS::[0]::chatBubbleTexts[0]
Bus Depot,Student Volunteer,NPC Name,,,Student Volunteer,config::BUS_DEPOT_CS_STUDENT_SUPPORT_NPCS::[0]::chatBubbleSpeaker
Bus Depot,Student Volunteer,NPC Line 1,,,We have brought food! Pass the bread and tea forward before the workers miss another meal.,config::BUS_DEPOT_CS_STUDENT_SUPPORT_NPCS::[0]::chatBubbleTexts[0]
Bus Depot,Student Volunteer,NPC Line 2,,,"More students are coming from the schools. If the company wanted this quarrel hidden, it is too late for that now.",config::BUS_DEPOT_CS_STUDENT_SUPPORT_NPCS::[0]::chatBubbleTexts[1]
Bus Depot,Student Volunteer,NPC Line 3,,,"Even with the police already here, we stay together. The men at the gate should see support, not fear.",config::BUS_DEPOT_CS_STUDENT_SUPPORT_NPCS::[0]::chatBubbleTexts[2]
Bus Depot,Why Students Came,Chat Option 1 — Player Option Text,,Ask why students came to a bus depot dispute.,,config::BUS_DEPOT_BW_STUDENT_SUPPORT_NPCS::[0]::dialogueChoices::[0]::label
Bus Depot,Why Students Came,Chat Option 1 — Player Says,,This began as a fight between workers and management. Why did students come all the way here for it?,,config::BUS_DEPOT_BW_STUDENT_SUPPORT_NPCS::[0]::dialogueChoices::[0]::playerText
Bus Depot,Why Students Came,Chat Option 1 — NPC Reply,,"Because once 229 workers are dismissed and buses are trapped behind the gate, it stops feeling like a private quarrel. Families, schools, and whole neighbourhoods start talking about the same fear.",,config::BUS_DEPOT_BW_STUDENT_SUPPORT_NPCS::[0]::dialogueChoices::[0]::npcReply
Bus Depot,Workers Need Most,Chat Option 2 — Player Option Text,,Ask what the workers need most right now.,,config::BUS_DEPOT_BW_STUDENT_SUPPORT_NPCS::[0]::dialogueChoices::[1]::label
Bus Depot,Workers Need Most,Chat Option 2 — Player Says,,"If you want to help, what do you think the men here need most?",,config::BUS_DEPOT_BW_STUDENT_SUPPORT_NPCS::[0]::dialogueChoices::[1]::playerText
Bus Depot,Workers Need Most,Chat Option 2 — NPC Reply,,"Food first, then numbers. A hungry strike is easier to break, and a hidden strike is easier to ignore. We want the workers to feel the city can see them before the police decide the story for everyone.",,config::BUS_DEPOT_BW_STUDENT_SUPPORT_NPCS::[0]::dialogueChoices::[1]::npcReply
Bus Depot,Police Risk,Chat Option 3 — Player Option Text,,Warn that the police are already watching.,,config::BUS_DEPOT_BW_STUDENT_SUPPORT_NPCS::[0]::dialogueChoices::[2]::label
Bus Depot,Police Risk,Chat Option 3 — Player Says,,"The police are already studying this crowd. You know the risk in staying, don't you?",,config::BUS_DEPOT_BW_STUDENT_SUPPORT_NPCS::[0]::dialogueChoices::[2]::playerText
Bus Depot,Police Risk,Chat Option 3 — NPC Reply,,"We do. That is why we came carrying food, not bravado. If fear alone clears the gate, the company learns it never had to answer the workers properly.",,config::BUS_DEPOT_BW_STUDENT_SUPPORT_NPCS::[0]::dialogueChoices::[2]::npcReply
Bus Depot,Student Supporter,NPC Name,,Student Supporter,,config::BUS_DEPOT_BW_STUDENT_SUPPORT_NPCS::[1]::chatBubbleSpeaker
Bus Depot,Student Supporter,NPC Line 1,,"We brought song sheets too. If the men are made to stand here in public, then support should be public as well.",,config::BUS_DEPOT_BW_STUDENT_SUPPORT_NPCS::[1]::chatBubbleTexts[0]
Bus Depot,Student Supporter,NPC Name,,,Student Supporter,config::BUS_DEPOT_CS_STUDENT_SUPPORT_NPCS::[1]::chatBubbleSpeaker
Bus Depot,Student Supporter,NPC Line 1,,,"We brought rice packets, fruit, and song sheets. If the workers hold the line, we can help them hold it loudly.",config::BUS_DEPOT_CS_STUDENT_SUPPORT_NPCS::[1]::chatBubbleTexts[0]
Bus Depot,Student Supporter,NPC Line 2,,,Look at the police watching us already. They want this to feel frightening before anyone has even moved.,config::BUS_DEPOT_CS_STUDENT_SUPPORT_NPCS::[1]::chatBubbleTexts[1]
Bus Depot,Student Supporter,NPC Line 3,,,Stay on the left and keep the food moving. Solidarity is why we came.,config::BUS_DEPOT_CS_STUDENT_SUPPORT_NPCS::[1]::chatBubbleTexts[2]
Bus Depot,Why Songs Matter,Chat Option 1 — Player Option Text,,Ask what the songs are meant to do.,,config::BUS_DEPOT_BW_STUDENT_SUPPORT_NPCS::[1]::dialogueChoices::[0]::label
Bus Depot,Why Songs Matter,Chat Option 1 — Player Says,,Food I understand. What are the songs supposed to change here?,,config::BUS_DEPOT_BW_STUDENT_SUPPORT_NPCS::[1]::dialogueChoices::[0]::playerText
Bus Depot,Why Songs Matter,Chat Option 1 — NPC Reply,,"They steady the crowd and make the strike feel less lonely. A song cannot settle a labour dispute, but it can remind tired workers that people beyond the depot gates are willing to stand beside them.",,config::BUS_DEPOT_BW_STUDENT_SUPPORT_NPCS::[1]::dialogueChoices::[0]::npcReply
Bus Depot,Student View Strike,Chat Option 2 — Player Option Text,,Ask how students see the strike.,,config::BUS_DEPOT_BW_STUDENT_SUPPORT_NPCS::[1]::dialogueChoices::[1]::label
Bus Depot,Student View Strike,Chat Option 2 — Player Says,,What do students think they are looking at when they come here?,,config::BUS_DEPOT_BW_STUDENT_SUPPORT_NPCS::[1]::dialogueChoices::[1]::playerText
Bus Depot,Student View Strike,Chat Option 2 — NPC Reply,,"Some speak about justice, some about politics, but most recognise the same pressure in rising prices, family wages, and how quickly authority dismisses people who are already struggling.",,config::BUS_DEPOT_BW_STUDENT_SUPPORT_NPCS::[1]::dialogueChoices::[1]::npcReply
Bus Depot,Workers Fear For Students,Chat Option 3 — Player Option Text,,Say the workers do not want students hurt.,,config::BUS_DEPOT_BW_STUDENT_SUPPORT_NPCS::[1]::dialogueChoices::[2]::label
Bus Depot,Workers Fear For Students,Chat Option 3 — Player Says,,"The men are grateful, but none of us wants students caught when this turns rough.",,config::BUS_DEPOT_BW_STUDENT_SUPPORT_NPCS::[1]::dialogueChoices::[2]::playerText
Bus Depot,Workers Fear For Students,Chat Option 3 — NPC Reply,,"We hear that. But if every warning sends us home at once, support becomes something people promise only from a safe distance. We would rather stand carefully than pretend this struggle belongs to somebody else.",,config::BUS_DEPOT_BW_STUDENT_SUPPORT_NPCS::[1]::dialogueChoices::[2]::npcReply
Bus Depot,Bus Worker,NPC Name,,,Bus Worker,config::BUS_DEPOT_CS_HUNGRY_WORKER_NPC::chatBubbleSpeaker
Bus Depot,Bus Worker,NPC Line 1,,,"We've been here for a while, and some of the men have missed more than one meal. We could use some food if anyone can help.",config::BUS_DEPOT_CS_HUNGRY_WORKER_NPC::chatBubbleTexts[0]
,,,,,,
Negotiation Hall,,Scene Title,Post-Riot: Return to Negotiation,Post-Riot: Negotiation Hall,,story::NEGOTIATION_ROUTE::sceneTitle
Negotiation Hall,,Scene Description,"On 14 May, Rajiv watches the government help secure a settlement: the dismissed workers are reinstated, but calm returns with little trust restored.","When talks resume on 14 May, Ahmad learns the dismissed workers will be taken back. Even so, reinstatement does not erase the deaths or the distrust.",,story::NEGOTIATION_ROUTE::sceneSubtitle
Negotiation Hall,Bus Company Boss,NPC Name,Bus Company Boss,Bus Company Boss,Bus Company Boss,variants::NEGOTIATION_FRONT_LEADERS_NPCS::[0]::chatBubbleSpeaker
Negotiation Hall,Bus Company Boss,NPC Line 1,The company cannot run if every dispute ends with blocked buses and public pressure at the gates.,The company cannot run if every dispute ends with blocked buses and public pressure at the gates.,The company cannot run if every dispute ends with blocked buses and public pressure at the gates.,variants::NEGOTIATION_FRONT_LEADERS_NPCS::[0]::chatBubbleTexts[0]
Negotiation Hall,Bus Company Boss,NPC Line 2,"If you want an agreement, it must leave the depot able to operate tomorrow. I will not sign terms that make future discipline impossible.","If you want an agreement, it must leave the depot able to operate tomorrow. I will not sign terms that make future discipline impossible.","If you want an agreement, it must leave the depot able to operate tomorrow. I will not sign terms that make future discipline impossible.",variants::NEGOTIATION_FRONT_LEADERS_NPCS::[0]::chatBubbleTexts[1]
Negotiation Hall,Bus Company Boss,NPC Line 3,"I am prepared to discuss reinstatement and conditions, but not under the threat of another crowd outside.","I am prepared to discuss reinstatement and conditions, but not under the threat of another crowd outside.","I am prepared to discuss reinstatement and conditions, but not under the threat of another crowd outside.",variants::NEGOTIATION_FRONT_LEADERS_NPCS::[0]::chatBubbleTexts[2]
Negotiation Hall,Lee Kuan Yew,NPC Name,Lee Kuan Yew,Lee Kuan Yew,Lee Kuan Yew,variants::NEGOTIATION_FRONT_LEADERS_NPCS::[1]::chatBubbleSpeaker
Negotiation Hall,Lee Kuan Yew,NPC Line 1,Every side in this room now speaks with the riot behind it. That makes compromise harder and more urgent at the same time.,Every side in this room now speaks with the riot behind it. That makes compromise harder and more urgent at the same time.,Every side in this room now speaks with the riot behind it. That makes compromise harder and more urgent at the same time.,variants::NEGOTIATION_FRONT_LEADERS_NPCS::[1]::chatBubbleTexts[0]
Negotiation Hall,Lee Kuan Yew,NPC Line 2,"If the workers leave with nothing after the dismissals and deaths, resentment deepens. If the company feels cornered, it hardens further. That is the trap.","If the workers leave with nothing after the dismissals and deaths, resentment deepens. If the company feels cornered, it hardens further. That is the trap.","If the workers leave with nothing after the dismissals and deaths, resentment deepens. If the company feels cornered, it hardens further. That is the trap.",variants::NEGOTIATION_FRONT_LEADERS_NPCS::[1]::chatBubbleTexts[1]
Negotiation Hall,Lee Kuan Yew,NPC Line 3,"These are no longer mere wage talks. Labour, law, and political legitimacy are all being tested at once.","These are no longer mere wage talks. Labour, law, and political legitimacy are all being tested at once.","These are no longer mere wage talks. Labour, law, and political legitimacy are all being tested at once.",variants::NEGOTIATION_FRONT_LEADERS_NPCS::[1]::chatBubbleTexts[2]
Negotiation Hall,David Marshall,NPC Name,David Marshall,David Marshall,David Marshall,variants::NEGOTIATION_FRONT_LEADERS_NPCS::[2]::chatBubbleSpeaker
Negotiation Hall,David Marshall,NPC Line 1,Sit down and speak plainly. We are here because 12 May proved what delay can cost.,Sit down and speak plainly. We are here because 12 May proved what delay can cost.,Sit down and speak plainly. We are here because 12 May proved what delay can cost.,variants::NEGOTIATION_FRONT_LEADERS_NPCS::[2]::chatBubbleTexts[0]
Negotiation Hall,David Marshall,NPC Line 2,"The workers want the dismissed men back, fairer treatment, and proof that negotiation still means something. The company wants control and a depot that can reopen. Then let us start there.","The workers want the dismissed men back, fairer treatment, and proof that negotiation still means something. The company wants control and a depot that can reopen. Then let us start there.","The workers want the dismissed men back, fairer treatment, and proof that negotiation still means something. The company wants control and a depot that can reopen. Then let us start there.",variants::NEGOTIATION_FRONT_LEADERS_NPCS::[2]::chatBubbleTexts[1]
Negotiation Hall,David Marshall,NPC Line 3,"No one will leave with everything, but if these talks fail, the cost will be paid well beyond this room.","No one will leave with everything, but if these talks fail, the cost will be paid well beyond this room.","No one will leave with everything, but if these talks fail, the cost will be paid well beyond this room.",variants::NEGOTIATION_FRONT_LEADERS_NPCS::[2]::chatBubbleTexts[2]
Negotiation Hall,Fong Swee Suan,NPC Name,Fong Swee Suan,Fong Swee Suan,Fong Swee Suan,variants::NEGOTIATION_FRONT_LEADERS_NPCS::[3]::chatBubbleSpeaker
Negotiation Hall,Fong Swee Suan,NPC Line 1,"The workers did not come here for ceremony. They came because dismissals, poor conditions, and intimidation have gone on too long.","The workers did not come here for ceremony. They came because dismissals, poor conditions, and intimidation have gone on too long.","The workers did not come here for ceremony. They came because dismissals, poor conditions, and intimidation have gone on too long.",variants::NEGOTIATION_FRONT_LEADERS_NPCS::[3]::chatBubbleTexts[0]
Negotiation Hall,Fong Swee Suan,NPC Line 2,Do not ask men who sat at the gates and buried the dead to return with nothing but speeches.,Do not ask men who sat at the gates and buried the dead to return with nothing but speeches.,Do not ask men who sat at the gates and buried the dead to return with nothing but speeches.,variants::NEGOTIATION_FRONT_LEADERS_NPCS::[3]::chatBubbleTexts[1]
Negotiation Hall,Fong Swee Suan,NPC Line 3,"Show the men that negotiation can bring back dismissed workers and fairer treatment, and you will see calm. Give them empty words, and anger will return.","Show the men that negotiation can bring back dismissed workers and fairer treatment, and you will see calm. Give them empty words, and anger will return.","Show the men that negotiation can bring back dismissed workers and fairer treatment, and you will see calm. Give them empty words, and anger will return.",variants::NEGOTIATION_FRONT_LEADERS_NPCS::[3]::chatBubbleTexts[2]
,,,,,,
Alexandra Road,,Scene Title,,Riot: Alexandra Road,Riot: Alexandra Road,story::ALEXANDRA_ROAD_ROUTE::sceneTitle
Alexandra Road,,Scene Description,,"On 12 May, hoses, stones, bottles, and panic overtake the strike. Ahmad sees the dispute slip beyond anyone's control.","On Alexandra Road, Kim Chuan watches the scene turn from chanting to hoses, flying debris, and casualties. One day of support becomes a lesson in fear.",story::ALEXANDRA_ROAD_ROUTE::sceneSubtitle
Alexandra Road,Lee Chim Siong,NPC Name,Lee Chim Siong,Lee Chim Siong,Lee Chim Siong,variants::ALEXANDRA_ROAD_LEE_CHIM_SIONG_NPCS::[0]::chatBubbleSpeaker
Alexandra Road,Lee Chim Siong,NPC Line 1,The strike has spilled into confrontation because the company and the authorities thought dismissed workers would fold before the city noticed.,The strike has spilled into confrontation because the company and the authorities thought dismissed workers would fold before the city noticed.,The strike has spilled into confrontation because the company and the authorities thought dismissed workers would fold before the city noticed.,variants::ALEXANDRA_ROAD_LEE_CHIM_SIONG_NPCS::[0]::chatBubbleTexts[0]
Alexandra Road,Lee Chim Siong,NPC Line 2,"Now everyone is here at once: workers, students, police, reporters. That is what happens when a labour dispute is met with force instead of settlement.","Now everyone is here at once: workers, students, police, reporters. That is what happens when a labour dispute is met with force instead of settlement.","Now everyone is here at once: workers, students, police, reporters. That is what happens when a labour dispute is met with force instead of settlement.",variants::ALEXANDRA_ROAD_LEE_CHIM_SIONG_NPCS::[0]::chatBubbleTexts[1]
Alexandra Road,Lee Chim Siong,NPC Line 3,"The hoses have already changed the mood. Hold your ground if you must, but do not forget how quickly a crowd can be punished once the state decides it has found its excuse.","The hoses have already changed the mood. Hold your ground if you must, but do not forget how quickly a crowd can be punished once the state decides it has found its excuse.","The hoses have already changed the mood. Hold your ground if you must, but do not forget how quickly a crowd can be punished once the state decides it has found its excuse.",variants::ALEXANDRA_ROAD_LEE_CHIM_SIONG_NPCS::[0]::chatBubbleTexts[2]
Alexandra Road,Student Organizer,NPC Name,Student Organizer,Student Organizer,Student Organizer,variants::ALEXANDRA_ROAD_STUDENT_UNION_NPCS::[0]::chatBubbleSpeaker
Alexandra Road,Student Organizer,NPC Line 1,Stay together on the left. Don't scatter once the police start using the hoses.,Stay together on the left. Don't scatter once the police start using the hoses.,Stay together on the left. Don't scatter once the police start using the hoses.,variants::ALEXANDRA_ROAD_STUDENT_UNION_NPCS::[0]::chatBubbleTexts[0]
Alexandra Road,Student Organizer,NPC Line 2,"We came to support the workers, not to give the authorities an easy story about chaos.","We came to support the workers, not to give the authorities an easy story about chaos.","We came to support the workers, not to give the authorities an easy story about chaos.",variants::ALEXANDRA_ROAD_STUDENT_UNION_NPCS::[0]::chatBubbleTexts[1]
Alexandra Road,Police Sergeant,NPC Name,Police Sergeant,Police Sergeant,Police Sergeant,variants::ALEXANDRA_ROAD_POLICE_NPCS::[3]::chatBubbleSpeaker
Alexandra Road,Police Sergeant,NPC Line 1,Push them back from the road. Keep the line tight and get the hoses forward.,Push them back from the road. Keep the line tight and get the hoses forward.,Push them back from the road. Keep the line tight and get the hoses forward.,variants::ALEXANDRA_ROAD_POLICE_NPCS::[3]::chatBubbleTexts[0]
Alexandra Road,Police Sergeant,NPC Line 2,"If this breaks any further, the whole city will hear about Alexandra Road before sundown.","If this breaks any further, the whole city will hear about Alexandra Road before sundown.","If this breaks any further, the whole city will hear about Alexandra Road before sundown.",variants::ALEXANDRA_ROAD_POLICE_NPCS::[3]::chatBubbleTexts[1]
Alexandra Road,American Journalist,NPC Name,American Journalist,American Journalist,American Journalist,variants::ALEXANDRA_ROAD_JOURNALIST_NPCS::[0]::chatBubbleSpeaker
Alexandra Road,American Journalist,NPC Line 1,"Every few minutes the story changes. Workers call this solidarity, police call it disorder, and the road is swallowing both versions at once.","Every few minutes the story changes. Workers call this solidarity, police call it disorder, and the road is swallowing both versions at once.","Every few minutes the story changes. Workers call this solidarity, police call it disorder, and the road is swallowing both versions at once.",variants::ALEXANDRA_ROAD_JOURNALIST_NPCS::[0]::chatBubbleTexts[0]
Alexandra Road,American Journalist,NPC Line 2,"Once the hoses came out and the crowd answered with bricks and bottles, Alexandra Road stopped being only a depot story. If someone dies here, it becomes international copy by nightfall.","Once the hoses came out and the crowd answered with bricks and bottles, Alexandra Road stopped being only a depot story. If someone dies here, it becomes international copy by nightfall.","Once the hoses came out and the crowd answered with bricks and bottles, Alexandra Road stopped being only a depot story. If someone dies here, it becomes international copy by nightfall.",variants::ALEXANDRA_ROAD_JOURNALIST_NPCS::[0]::chatBubbleTexts[1]
Alexandra Road,Alexandra Journalist Ask Cause,Chat Option 1 — Player Option Text,Ask what he thinks started this.,Ask what he thinks started this.,Ask what he thinks started this.,variants::ALEXANDRA_ROAD_JOURNALIST_NPCS::[0]::dialogueChoices::[0]::label
Alexandra Road,Alexandra Journalist Ask Cause,Chat Option 1 — Player Says,"From where you're standing, what turned this from a strike into something like this?","From where you're standing, what turned this from a strike into something like this?","From where you're standing, what turned this from a strike into something like this?",variants::ALEXANDRA_ROAD_JOURNALIST_NPCS::[0]::dialogueChoices::[0]::playerText
Alexandra Road,Alexandra Journalist Ask Cause,Chat Option 1 — NPC Reply,"Dismissals and labour anger built the ground, but the scene changed once students arrived in large numbers and the police treated the crowd as a security problem instead of a negotiation problem.","Dismissals and labour anger built the ground, but the scene changed once students arrived in large numbers and the police treated the crowd as a security problem instead of a negotiation problem.","Dismissals and labour anger built the ground, but the scene changed once students arrived in large numbers and the police treated the crowd as a security problem instead of a negotiation problem.",variants::ALEXANDRA_ROAD_JOURNALIST_NPCS::[0]::dialogueChoices::[0]::npcReply
Alexandra Road,Alexandra Journalist Ask Headline,Chat Option 2 — Player Option Text,Ask what headline he expects to file.,Ask what headline he expects to file.,Ask what headline he expects to file.,variants::ALEXANDRA_ROAD_JOURNALIST_NPCS::[0]::dialogueChoices::[1]::label
Alexandra Road,Alexandra Journalist Ask Headline,Chat Option 2 — Player Says,What headline do you think leaves this road with you tonight?,What headline do you think leaves this road with you tonight?,What headline do you think leaves this road with you tonight?,variants::ALEXANDRA_ROAD_JOURNALIST_NPCS::[0]::dialogueChoices::[1]::playerText
Alexandra Road,Alexandra Journalist Ask Headline,Chat Option 2 — NPC Reply,That depends on whether the city remembers the grievances or only the violence. Editors like flames and bodies; history is slower about dismissals and humiliation.,That depends on whether the city remembers the grievances or only the violence. Editors like flames and bodies; history is slower about dismissals and humiliation.,That depends on whether the city remembers the grievances or only the violence. Editors like flames and bodies; history is slower about dismissals and humiliation.,variants::ALEXANDRA_ROAD_JOURNALIST_NPCS::[0]::dialogueChoices::[1]::npcReply
Alexandra Road,Alexandra Journalist Ask Witness,Chat Option 3 — Player Option Text,Say the witnesses won't agree on anything.,Say the witnesses won't agree on anything.,Say the witnesses won't agree on anything.,variants::ALEXANDRA_ROAD_JOURNALIST_NPCS::[0]::dialogueChoices::[2]::label
Alexandra Road,Alexandra Journalist Ask Witness,Chat Option 3 — Player Says,The witnesses are already contradicting each other. How do you report that honestly?,The witnesses are already contradicting each other. How do you report that honestly?,The witnesses are already contradicting each other. How do you report that honestly?,variants::ALEXANDRA_ROAD_JOURNALIST_NPCS::[0]::dialogueChoices::[2]::playerText
Alexandra Road,Alexandra Journalist Ask Witness,Chat Option 3 — NPC Reply,"You write the contradiction down. Crowds rarely produce one truth in real time, but the disagreement itself tells you how fractured the city already is.","You write the contradiction down. Crowds rarely produce one truth in real time, but the disagreement itself tells you how fractured the city already is.","You write the contradiction down. Crowds rarely produce one truth in real time, but the disagreement itself tells you how fractured the city already is.",variants::ALEXANDRA_ROAD_JOURNALIST_NPCS::[0]::dialogueChoices::[2]::npcReply
Alexandra Road,Asian Reporter,NPC Name,Asian Reporter,Asian Reporter,Asian Reporter,variants::ALEXANDRA_ROAD_JOURNALIST_NPCS::[1]::chatBubbleSpeaker
Alexandra Road,Asian Reporter,NPC Line 1,Witness accounts are changing by the hour out here.,Witness accounts are changing by the hour out here.,Witness accounts are changing by the hour out here.,variants::ALEXANDRA_ROAD_JOURNALIST_NPCS::[1]::chatBubbleTexts[0]
Alexandra Road,Asian Reporter,NPC Line 2,No one wants to be the last person standing near the police line when it surges.,No one wants to be the last person standing near the police line when it surges.,No one wants to be the last person standing near the police line when it surges.,variants::ALEXANDRA_ROAD_JOURNALIST_NPCS::[1]::chatBubbleTexts[1]
,,,,,,
Command Center,,Scene Title,Riot: Command Center,,,story::COMMAND_CENTER_ROUTE::sceneTitle
Command Center,,Scene Description,"On 12 May, phone calls from Alexandra Road bring reports of police hoses, thrown bricks and bottles, injuries, and confusion. Rajiv is no longer managing risk so much as counting the cost as it arrives.",,,story::COMMAND_CENTER_ROUTE::sceneSubtitle
Command Center,Telephone Report,NPC Name,Telephone Report,Telephone Report,Telephone Report,variants::COMMAND_CENTER_NPCS::[0]::chatBubbleSpeaker
Command Center,Telephone Report,NPC Line 1,Ring-ring. Command center? Urgent line from Alexandra Road.,Ring-ring. Command center? Urgent line from Alexandra Road.,Ring-ring. Command center? Urgent line from Alexandra Road.,variants::COMMAND_CENTER_NPCS::[0]::chatBubbleTexts[0]
Command Center,Telephone Report,NPC Line 2,"Crowds are spreading beyond the depot. Students are still mixed in, the hoses have come out, and the police line is shifting.","Crowds are spreading beyond the depot. Students are still mixed in, the hoses have come out, and the police line is shifting.","Crowds are spreading beyond the depot. Students are still mixed in, the hoses have come out, and the police line is shifting.",variants::COMMAND_CENTER_NPCS::[0]::chatBubbleTexts[1]
Command Center,Telephone Report,NPC Line 3,"We have injuries but no reliable count yet. Officers and witnesses are contradicting one another, and bricks and bottles are flying back toward the police.","We have injuries but no reliable count yet. Officers and witnesses are contradicting one another, and bricks and bottles are flying back toward the police.","We have injuries but no reliable count yet. Officers and witnesses are contradicting one another, and bricks and bottles are flying back toward the police.",variants::COMMAND_CENTER_NPCS::[0]::chatBubbleTexts[2]
Command Center,Telephone Report,NPC Line 4,"Rajiv, we need instructions now: reinforcements, ambulances, and what the press is to be told.","Rajiv, we need instructions now: reinforcements, ambulances, and what the press is to be told.","Rajiv, we need instructions now: reinforcements, ambulances, and what the press is to be told.",variants::COMMAND_CENTER_NPCS::[0]::chatBubbleTexts[3]
Command Center,Operations Line,NPC Name,Operations Line,Operations Line,Operations Line,variants::COMMAND_CENTER_NPCS::[1]::chatBubbleSpeaker
Command Center,Operations Line,NPC Line 1,"Command center, operations desk. We are receiving conflicting reports from multiple streets now.","Command center, operations desk. We are receiving conflicting reports from multiple streets now.","Command center, operations desk. We are receiving conflicting reports from multiple streets now.",variants::COMMAND_CENTER_NPCS::[1]::chatBubbleTexts[0]
Command Center,Operations Line,NPC Line 2,Some officers say the crowd is breaking up. Others say smaller groups are reforming further down Alexandra Road.,Some officers say the crowd is breaking up. Others say smaller groups are reforming further down Alexandra Road.,Some officers say the crowd is breaking up. Others say smaller groups are reforming further down Alexandra Road.,variants::COMMAND_CENTER_NPCS::[1]::chatBubbleTexts[1]
Command Center,Operations Line,NPC Line 3,"If Mr. Marshall wants a statement soon, Rajiv will need to mark clearly what is confirmed and what is only rumour, especially on casualties.","If Mr. Marshall wants a statement soon, Rajiv will need to mark clearly what is confirmed and what is only rumour, especially on casualties.","If Mr. Marshall wants a statement soon, Rajiv will need to mark clearly what is confirmed and what is only rumour, especially on casualties.",variants::COMMAND_CENTER_NPCS::[1]::chatBubbleTexts[2]
Command Center,Radio Bulletin,NPC Name,Radio Bulletin,Radio Bulletin,Radio Bulletin,variants::COMMAND_CENTER_NPCS::[2]::chatBubbleSpeaker
Command Center,Radio Bulletin,NPC Line,Radio Malaya bulletin: unrest linked to the Hock Lee dispute continues after clashes involving police hoses and crowd violence. Official casualty details are still being checked.,Radio Malaya bulletin: unrest linked to the Hock Lee dispute continues after clashes involving police hoses and crowd violence. Official casualty details are still being checked.,Radio Malaya bulletin: unrest linked to the Hock Lee dispute continues after clashes involving police hoses and crowd violence. Official casualty details are still being checked.,variants::COMMAND_CENTER_NPCS::[2]::chatBubbleText
Command Center,David Marshall,NPC Name,David Marshall,David Marshall,David Marshall,variants::COMMAND_CENTER_NPCS::[3]::chatBubbleSpeaker
Command Center,David Marshall,NPC Line 1,"Rajiv, separate rumour from report and label both clearly. If we speak carelessly now, we deepen the panic.","Rajiv, separate rumour from report and label both clearly. If we speak carelessly now, we deepen the panic.","Rajiv, separate rumour from report and label both clearly. If we speak carelessly now, we deepen the panic.",variants::COMMAND_CENTER_NPCS::[3]::chatBubbleTexts[0]
Command Center,David Marshall,NPC Line 2,"I want the police response tracked as closely as the crowd itself. Order matters, but so does what the police have done in the street.","I want the police response tracked as closely as the crowd itself. Order matters, but so does what the police have done in the street.","I want the police response tracked as closely as the crowd itself. Order matters, but so does what the police have done in the street.",variants::COMMAND_CENTER_NPCS::[3]::chatBubbleTexts[1]
Command Center,David Marshall,NPC Line 3,"Keep the lines open. You and the staff brief me with facts, not reassurance.","Keep the lines open. You and the staff brief me with facts, not reassurance.","Keep the lines open. You and the staff brief me with facts, not reassurance.",variants::COMMAND_CENTER_NPCS::[3]::chatBubbleTexts[2]
Command Center,Civil Servant,NPC Name,Civil Servant,Civil Servant,Civil Servant,variants::COMMAND_CENTER_NPCS::[4]::chatBubbleSpeaker
Command Center,Civil Servant,NPC Line 1,"Sir, from the window the crowd looks less frightened than watchful. People are waiting to see whether the police or the crowd moves next.","Sir, from the window the crowd looks less frightened than watchful. People are waiting to see whether the police or the crowd moves next.","Sir, from the window the crowd looks less frightened than watchful. People are waiting to see whether the police or the crowd moves next.",variants::COMMAND_CENTER_NPCS::[4]::chatBubbleTexts[0]
Command Center,Civil Servant,NPC Line 2,They keep pointing down the road whenever another vehicle passes. Word is moving faster than our messengers.,They keep pointing down the road whenever another vehicle passes. Word is moving faster than our messengers.,They keep pointing down the road whenever another vehicle passes. Word is moving faster than our messengers.,variants::COMMAND_CENTER_NPCS::[4]::chatBubbleTexts[1]
Command Center,Civil Servant,NPC Line 3,"Whatever is being decided in here, the street is already reacting to rumours outside.","Whatever is being decided in here, the street is already reacting to rumours outside.","Whatever is being decided in here, the street is already reacting to rumours outside.",variants::COMMAND_CENTER_NPCS::[4]::chatBubbleTexts[2]
,,,,,,
Funeral,,Scene Title,Post-Riot: Funeral Procession,,Post-Riot: Funeral,story::FUNERAL_ROUTE::sceneTitle
Funeral,,Scene Description,"In the funeral crowd, Rajiv confronts what official reports cannot soften: the dead are now being mourned in public, and every act of mourning also speaks about blame.",,"At Chong Lon Chong's funeral, Kim Chuan stands among grieving students and sees how the riot will follow them back into school life.",story::FUNERAL_ROUTE::sceneSubtitle
Funeral,Fellow Reporter,NPC Name,Fellow Reporter,Fellow Reporter,Fellow Reporter,variants::FUNERAL_NPCS::[0]::chatBubbleSpeaker
Funeral,Fellow Reporter,NPC Line 1,"By the morning after 12 May, four people were dead, including 16-year-old student Chong Lon Chong. That is why the schools are watching this funeral so closely.","By the morning after 12 May, four people were dead, including 16-year-old student Chong Lon Chong. That is why the schools are watching this funeral so closely.","By the morning after 12 May, four people were dead, including 16-year-old student Chong Lon Chong. That is why the schools are watching this funeral so closely.",variants::FUNERAL_NPCS::[0]::chatBubbleTexts[0]
Funeral,Fellow Reporter,NPC Line 2,Look around. Some people came to mourn a boy. Others came because a funeral is one of the last places where grief and anger can still speak in public.,Look around. Some people came to mourn a boy. Others came because a funeral is one of the last places where grief and anger can still speak in public.,Look around. Some people came to mourn a boy. Others came because a funeral is one of the last places where grief and anger can still speak in public.,variants::FUNERAL_NPCS::[0]::chatBubbleTexts[1]
Funeral,Reporter Truth,Chat Option 1 — Player Option Text,Ask what the press is trying to record here.,Ask what the press is trying to record here.,Ask what the press is trying to record here.,variants::FUNERAL_NPCS::[0]::dialogueChoices::[0]::label
Funeral,Reporter Truth,Chat Option 1 — Player Says,"What are you trying to capture today, grief itself or the politics gathering around it?","What are you trying to capture today, grief itself or the politics gathering around it?","What are you trying to capture today, grief itself or the politics gathering around it?",variants::FUNERAL_NPCS::[0]::dialogueChoices::[0]::playerText
Funeral,Reporter Truth,Chat Option 1 — NPC Reply,"Both. If we print only sorrow, people forget the dismissals and the hoses. If we print only slogans, we erase the dead as people. The truth is that grief and politics are marching together now.","Both. If we print only sorrow, people forget the dismissals and the hoses. If we print only slogans, we erase the dead as people. The truth is that grief and politics are marching together now.","Both. If we print only sorrow, people forget the dismissals and the hoses. If we print only slogans, we erase the dead as people. The truth is that grief and politics are marching together now.",variants::FUNERAL_NPCS::[0]::dialogueChoices::[0]::npcReply
Funeral,Reporter Order,Chat Option 2 — Player Option Text,Say the city cannot survive another escalation.,Say the city cannot survive another escalation.,Say the city cannot survive another escalation.,variants::FUNERAL_NPCS::[0]::dialogueChoices::[1]::label
Funeral,Reporter Order,Chat Option 2 — Player Says,"Whatever people feel today, Singapore cannot survive another surge of violence.","Whatever people feel today, Singapore cannot survive another surge of violence.","Whatever people feel today, Singapore cannot survive another surge of violence.",variants::FUNERAL_NPCS::[0]::dialogueChoices::[1]::playerText
Funeral,Reporter Order,Chat Option 2 — NPC Reply,"That may be true, but order sounds thin at a funeral after 12 May. People hear calls for calm and ask why calm only becomes urgent once bodies are counted.","That may be true, but order sounds thin at a funeral after 12 May. People hear calls for calm and ask why calm only becomes urgent once bodies are counted.","That may be true, but order sounds thin at a funeral after 12 May. People hear calls for calm and ask why calm only becomes urgent once bodies are counted.",variants::FUNERAL_NPCS::[0]::dialogueChoices::[1]::npcReply
Funeral,Reporter Cost,Chat Option 3 — Player Option Text,Admit the human cost feels different up close.,Admit the human cost feels different up close.,Admit the human cost feels different up close.,variants::FUNERAL_NPCS::[0]::dialogueChoices::[2]::label
Funeral,Reporter Cost,Chat Option 3 — Player Says,"From an office, casualties become reports. Standing here, the cost feels much harder to hide.","From an office, casualties become reports. Standing here, the cost feels much harder to hide.","From an office, casualties become reports. Standing here, the cost feels much harder to hide.",variants::FUNERAL_NPCS::[0]::dialogueChoices::[2]::playerText
Funeral,Reporter Cost,Chat Option 3 — NPC Reply,"Then remember this view when the next statement is drafted. A riot is not only broken windows and police logs. It is coffins, parents, and a city deciding what kind of death it wants to remember.","Then remember this view when the next statement is drafted. A riot is not only broken windows and police logs. It is coffins, parents, and a city deciding what kind of death it wants to remember.","Then remember this view when the next statement is drafted. A riot is not only broken windows and police logs. It is coffins, parents, and a city deciding what kind of death it wants to remember.",variants::FUNERAL_NPCS::[0]::dialogueChoices::[2]::npcReply
Funeral,Schoolmate,NPC Name,,,Schoolmate,config::FUNERAL_CS_STUDENT_NPCS::[1]::chatBubbleSpeaker
Funeral,Schoolmate,NPC Line 1,,,Chong Lon Chong was only sixteen. Yesterday people were still arguing about the strike; today we are here for a fellow student.,config::FUNERAL_CS_STUDENT_NPCS::[1]::chatBubbleTexts[0]
Funeral,Schoolmate,NPC Line 2,,,"Students from different schools have come with white flowers because once one boy dies in a crowd like that, every classroom starts imagining it could have been one of their own.",config::FUNERAL_CS_STUDENT_NPCS::[1]::chatBubbleTexts[1]
Funeral,Student Why Come,Chat Option 1 — Player Option Text,,,Ask why so many students came to mourn.,config::FUNERAL_CS_STUDENT_NPCS::[1]::dialogueChoices::[0]::label
Funeral,Student Why Come,Chat Option 1 — Player Says,,,I expected family and union men. I did not expect so many students.,config::FUNERAL_CS_STUDENT_NPCS::[1]::dialogueChoices::[0]::playerText
Funeral,Student Why Come,Chat Option 1 — NPC Reply,,,"Because he was one of us. Hock Lee no longer feels like a dispute we visited for a day. It follows us back to our desks, our assemblies, and our homes.",config::FUNERAL_CS_STUDENT_NPCS::[1]::dialogueChoices::[0]::npcReply
Funeral,Student School Memory,Chat Option 2 — Player Option Text,,,Say school will never talk about the riot the same way again.,config::FUNERAL_CS_STUDENT_NPCS::[1]::dialogueChoices::[1]::label
Funeral,Student School Memory,Chat Option 2 — Player Says,,,"After this, nobody at school can speak about Alexandra Road as if it were only rumours.",config::FUNERAL_CS_STUDENT_NPCS::[1]::dialogueChoices::[1]::playerText
Funeral,Student School Memory,Chat Option 2 — NPC Reply,,,"Exactly. Teachers may talk about discipline, but students will remember the coffin first. That memory will outlast any official explanation.",config::FUNERAL_CS_STUDENT_NPCS::[1]::dialogueChoices::[1]::npcReply
Funeral,Student Fear,Chat Option 3 — Player Option Text,,,Admit the altar makes the violence feel personal.,config::FUNERAL_CS_STUDENT_NPCS::[1]::dialogueChoices::[2]::label
Funeral,Student Fear,Chat Option 3 — Player Says,,,At Alexandra Road I kept thinking about the crowd. Here I can only think about the boy who did not come home.,config::FUNERAL_CS_STUDENT_NPCS::[1]::dialogueChoices::[2]::playerText
Funeral,Student Fear,Chat Option 3 — NPC Reply,,,"That is what changes people. Once the dead have a face, even the brave ones start measuring politics against mothers, classmates, and empty seats.",config::FUNERAL_CS_STUDENT_NPCS::[1]::dialogueChoices::[2]::npcReply
,,,,,,
School Lake,,Scene Title,,,Riot: School Lake,story::SCHOOL_LAKE_ROUTE::sceneTitle
School Lake,,Scene Description,,,"At the school lake, students argue over labour injustice, solidarity, disorder, and blame as they try to decide what Hock Lee means.",story::SCHOOL_LAKE_ROUTE::sceneSubtitle
School Lake,Student Organizer,NPC Name,Student Organizer,Student Organizer,Student Organizer,variants::SCHOOL_LAKE_NPCS::[2]::chatBubbleSpeaker
School Lake,Student Organizer,NPC Line 1,The students on the left are arguing over one question: should we go to the depot to support the workers?,The students on the left are arguing over one question: should we go to the depot to support the workers?,The students on the left are arguing over one question: should we go to the depot to support the workers?,variants::SCHOOL_LAKE_NPCS::[2]::chatBubbleTexts[0]
School Lake,Student Organizer,NPC Line 2,"Some want to bring food, stand beside them, and show solidarity. Others worry students will only make things more dangerous.","Some want to bring food, stand beside them, and show solidarity. Others worry students will only make things more dangerous.","Some want to bring food, stand beside them, and show solidarity. Others worry students will only make things more dangerous.",variants::SCHOOL_LAKE_NPCS::[2]::chatBubbleTexts[1]
School Lake,Student Organizer,NPC Line 3,"If you speak, help them decide what support and solidarity should look like.","If you speak, help them decide what support and solidarity should look like.","If you speak, help them decide what support and solidarity should look like.",variants::SCHOOL_LAKE_NPCS::[2]::chatBubbleTexts[2]
School Lake,Rally Solidarity,Chat Option 1 — Player Option Text,Say students should go support the workers.,Say students should go support the workers.,Say students should go support the workers.,variants::SCHOOL_LAKE_NPCS::[2]::dialogueChoices::[0]::label
School Lake,Rally Solidarity,Chat Option 1 — Player Says,"We should go. If the workers are being isolated, students can show they are not alone.","We should go. If the workers are being isolated, students can show they are not alone.","We should go. If the workers are being isolated, students can show they are not alone.",variants::SCHOOL_LAKE_NPCS::[2]::dialogueChoices::[0]::playerText
School Lake,Rally Solidarity,Chat Option 1 — NPC Reply,That will move the bold ones. They want a clear reason to act.,That will move the bold ones. They want a clear reason to act.,That will move the bold ones. They want a clear reason to act.,variants::SCHOOL_LAKE_NPCS::[2]::dialogueChoices::[0]::npcReply
School Lake,Rally Common Struggle,Chat Option 2 — Player Option Text,Say support should be calm and practical.,Say support should be calm and practical.,Say support should be calm and practical.,variants::SCHOOL_LAKE_NPCS::[2]::dialogueChoices::[1]::label
School Lake,Rally Common Struggle,Chat Option 2 — Player Says,"If we go, we should bring food, water, and discipline. We should help the workers, not add confusion.","If we go, we should bring food, water, and discipline. We should help the workers, not add confusion.","If we go, we should bring food, water, and discipline. We should help the workers, not add confusion.",variants::SCHOOL_LAKE_NPCS::[2]::dialogueChoices::[1]::playerText
School Lake,Rally Common Struggle,Chat Option 2 — NPC Reply,Good. That gives the careful students a way to join.,Good. That gives the careful students a way to join.,Good. That gives the careful students a way to join.,variants::SCHOOL_LAKE_NPCS::[2]::dialogueChoices::[1]::npcReply
School Lake,Rally History,Chat Option 3 — Player Option Text,Say students must think about the risk.,Say students must think about the risk.,Say students must think about the risk.,variants::SCHOOL_LAKE_NPCS::[2]::dialogueChoices::[2]::label
School Lake,Rally History,Chat Option 3 — Player Says,"We cannot pretend it is safe. If students go, they need to know the police may treat them as part of the crowd.","We cannot pretend it is safe. If students go, they need to know the police may treat them as part of the crowd.","We cannot pretend it is safe. If students go, they need to know the police may treat them as part of the crowd.",variants::SCHOOL_LAKE_NPCS::[2]::dialogueChoices::[2]::playerText
School Lake,Rally History,Chat Option 3 — NPC Reply,Yes. People should hear the risk clearly before they decide.,Yes. People should hear the risk clearly before they decide.,Yes. People should hear the risk clearly before they decide.,variants::SCHOOL_LAKE_NPCS::[2]::dialogueChoices::[2]::npcReply
School Lake,Class Monitor,NPC Name,Class Monitor,Class Monitor,Class Monitor,variants::SCHOOL_LAKE_NPCS::[5]::chatBubbleSpeaker
School Lake,Class Monitor,NPC Line 1,The students on the right keep asking why the riots are happening at all.,The students on the right keep asking why the riots are happening at all.,,variants::SCHOOL_LAKE_NPCS::[5]::chatBubbleTexts[0]
School Lake,Class Monitor,NPC Line 2,"Some point to the dismissals. Others say low pay, pressure, and police action pushed the workers and students to the edge.","Some point to the dismissals. Others say low pay, pressure, and police action pushed the workers and students to the edge.",,variants::SCHOOL_LAKE_NPCS::[5]::chatBubbleTexts[1]
School Lake,Class Monitor,NPC Line 1,,,The students on the right are trying to understand why the riots are happening.,config::SCHOOL_LAKE_CS_NPC_OVERRIDES::school-lake-monitor-right::chatBubbleTexts[0]
School Lake,Class Monitor,NPC Line 2,,,"Some point to the dismissals. Others say anger over low pay, pressure, and police action has been building for some time.",config::SCHOOL_LAKE_CS_NPC_OVERRIDES::school-lake-monitor-right::chatBubbleTexts[1]
School Lake,Monitor Purpose,Chat Option 1 — Player Option Text,Say the dismissals were the spark.,Say the dismissals were the spark.,Say the dismissals were the spark.,variants::SCHOOL_LAKE_NPCS::[5]::dialogueChoices::[0]::label
School Lake,Monitor Purpose,Chat Option 1 — Player Says,The dismissals were the clearest trigger. That is why the anger burst out in public.,The dismissals were the clearest trigger. That is why the anger burst out in public.,The dismissals were the clearest trigger. That is why the anger burst out in public.,variants::SCHOOL_LAKE_NPCS::[5]::dialogueChoices::[0]::playerText
School Lake,Monitor Purpose,Chat Option 1 — NPC Reply,That gives everyone a clear starting point.,That gives everyone a clear starting point.,That gives everyone a clear starting point.,variants::SCHOOL_LAKE_NPCS::[5]::dialogueChoices::[0]::npcReply
School Lake,Monitor Discipline,Chat Option 2 — Player Option Text,Say the anger had been building for a long time.,Say the anger had been building for a long time.,Say the anger had been building for a long time.,variants::SCHOOL_LAKE_NPCS::[5]::dialogueChoices::[1]::label
School Lake,Monitor Discipline,Chat Option 2 — Player Says,"It was not only one event. Low wages, daily pressure, and fear of losing work had been building for a long time.","It was not only one event. Low wages, daily pressure, and fear of losing work had been building for a long time.","It was not only one event. Low wages, daily pressure, and fear of losing work had been building for a long time.",variants::SCHOOL_LAKE_NPCS::[5]::dialogueChoices::[1]::playerText
School Lake,Monitor Discipline,Chat Option 2 — NPC Reply,Yes. People understand it better when they see the longer pressure behind it.,Yes. People understand it better when they see the longer pressure behind it.,Yes. People understand it better when they see the longer pressure behind it.,variants::SCHOOL_LAKE_NPCS::[5]::dialogueChoices::[1]::npcReply
School Lake,Ong Kim Wah,NPC Name,Ong Kim Wah,Ong Kim Wah,Ong Kim Wah,config::SCHOOL_LAKE_SIBLING_NPC::chatBubbleSpeaker
School Lake,Ong Kim Wah,NPC Line 1,"Kim Chuan, things at Hock Lee have changed. After the dismissals, the workers are blocking the buses from leaving.","Kim Chuan, things at Hock Lee have changed. After the dismissals, the workers are blocking the buses from leaving.","Kim Chuan, things at Hock Lee have changed. After the dismissals, the workers are blocking the buses from leaving.",config::SCHOOL_LAKE_SIBLING_NPC::chatBubbleTexts[0]
School Lake,Ong Kim Wah,NPC Line 2,Students are arguing about it all over school. Some want to support the workers. Others think the crowds are making things worse.,Students are arguing about it all over school. Some want to support the workers. Others think the crowds are making things worse.,Students are arguing about it all over school. Some want to support the workers. Others think the crowds are making things worse.,config::SCHOOL_LAKE_SIBLING_NPC::chatBubbleTexts[1]
School Lake,Ong Kim Wah,NPC Line 3,"If you go, listen carefully. Everyone is telling the story differently.","If you go, listen carefully. Everyone is telling the story differently.","If you go, listen carefully. Everyone is telling the story differently.",config::SCHOOL_LAKE_SIBLING_NPC::chatBubbleTexts[2]
,,,,,,
Classroom,,Scene Title,,,Pre-Riot: Classroom,story::CLASSROOM_ROUTE::sceneTitle
Classroom,,Scene Description,,,"Back in class, Kim Chuan hears the election result turned into debate about Labour Front, workers, and what politics might now demand from students.",story::CLASSROOM_ROUTE::sceneSubtitle
Classroom,Teacher,NPC Name,Teacher,Teacher,Teacher,variants::CLASSROOM_NPCS_BASE::[0]::chatBubbleSpeaker
Classroom,Teacher,NPC Line,Kim Chuan! You are late.,Kim Chuan! You are late.,Kim Chuan! You are late.,variants::CLASSROOM_NPCS_BASE::[0]::chatBubbleText
Classroom,Teacher City Hall Reply,Chat Option 1 — Player Option Text,Sorry! I was at City Hall. Labour Front has won!,Sorry! I was at City Hall. Labour Front has won!,Sorry! I was at City Hall. Labour Front has won!,variants::CLASSROOM_NPCS_BASE::[0]::dialogueChoices::[0]::label
Classroom,Teacher City Hall Reply,Chat Option 1 — Player Says,Sorry! I was at City Hall. Labour Front has won!,Sorry! I was at City Hall. Labour Front has won!,Sorry! I was at City Hall. Labour Front has won!,variants::CLASSROOM_NPCS_BASE::[0]::dialogueChoices::[0]::playerText
Classroom,Teacher City Hall Reply,Chat Option 1 — NPC Reply,"Yes, and that means more than a change in headlines. Labour Front's victory puts David Marshall at the head of Singapore's first locally elected government, and now people will watch whether it can answer workers asking for fair pay, families burdened by rising prices, and students wondering what real self-government should look like.","Yes, and that means more than a change in headlines. Labour Front's victory puts David Marshall at the head of Singapore's first locally elected government, and now people will watch whether it can answer workers asking for fair pay, families burdened by rising prices, and students wondering what real self-government should look like.","Yes, and that means more than a change in headlines. Labour Front's victory puts David Marshall at the head of Singapore's first locally elected government, and now people will watch whether it can answer workers asking for fair pay, families burdened by rising prices, and students wondering what real self-government should look like.",variants::CLASSROOM_NPCS_BASE::[0]::dialogueChoices::[0]::npcReply
Classroom,Live Radio Update,NPC Name,Live Radio Update,Live Radio Update,Live Radio Update,variants::CLASSROOM_NPCS_BASE::[1]::chatBubbleSpeaker
Classroom,Live Radio Update,NPC Line 1,"Saturday, April 2, 1955. Election bulletin: Labour Front has won the general election.","Saturday, April 2, 1955. Election bulletin: Labour Front has won the general election.","Saturday, April 2, 1955. Election bulletin: Labour Front has won the general election.",variants::CLASSROOM_NPCS_BASE::[1]::chatBubbleTexts[0]
Classroom,Live Radio Update,NPC Line 2,"David Marshall is expected to become Chief Minister, leading Singapore's first locally elected government.","David Marshall is expected to become Chief Minister, leading Singapore's first locally elected government.","David Marshall is expected to become Chief Minister, leading Singapore's first locally elected government.",variants::CLASSROOM_NPCS_BASE::[1]::chatBubbleTexts[1]
Classroom,Live Radio Update,NPC Line 3,"Students across the island are listening closely and asking whether this victory will bring real change for workers, schools, and colonial rule itself.","Students across the island are listening closely and asking whether this victory will bring real change for workers, schools, and colonial rule itself.","Students across the island are listening closely and asking whether this victory will bring real change for workers, schools, and colonial rule itself.",variants::CLASSROOM_NPCS_BASE::[1]::chatBubbleTexts[2]
,,,,,,
KK Hospital,,Scene Title,,Post-Riot: Hospital,,story::KK_HOSPITAL_ROUTE::sceneTitle
KK Hospital,,Scene Description,,"In the hospital, Ahmad sees what the riot left behind: bruised bodies, crowded wards, and workers trying to understand how a labour dispute ended here.",,story::KK_HOSPITAL_ROUTE::sceneSubtitle
KK Hospital,Injured Colleague,NPC Name,Injured Colleague,Injured Colleague,Injured Colleague,variants::KK_HOSPITAL_NPCS::[2]::chatBubbleSpeaker
KK Hospital,Injured Colleague,NPC Line 1,You came. I was hoping one of the depot men would make it here before visiting hours ended.,You came. I was hoping one of the depot men would make it here before visiting hours ended.,You came. I was hoping one of the depot men would make it here before visiting hours ended.,variants::KK_HOSPITAL_NPCS::[2]::chatBubbleTexts[0]
KK Hospital,Injured Colleague,NPC Line 2,"The doctor says I'll recover, but every bruise keeps telling me the riot is not finished with me yet.","The doctor says I'll recover, but every bruise keeps telling me the riot is not finished with me yet.","The doctor says I'll recover, but every bruise keeps telling me the riot is not finished with me yet.",variants::KK_HOSPITAL_NPCS::[2]::chatBubbleTexts[1]
KK Hospital,Injured Colleague,NPC Line 3,"Tell the others I am still here. Four are dead, many more are hurt, and that is the part no speech can tidy up.","Tell the others I am still here. Four are dead, many more are hurt, and that is the part no speech can tidy up.","Tell the others I am still here. Four are dead, many more are hurt, and that is the part no speech can tidy up.",variants::KK_HOSPITAL_NPCS::[2]::chatBubbleTexts[2]
KK Hospital,Kkhospital Colleague Checkin,Chat Option 1 — Player Option Text,Ask how he is managing.,Ask how he is managing.,Ask how he is managing.,variants::KK_HOSPITAL_NPCS::[2]::dialogueChoices::[0]::label
KK Hospital,Kkhospital Colleague Checkin,Chat Option 1 — Player Says,I needed to see you with my own eyes. How are you managing after the riot?,I needed to see you with my own eyes. How are you managing after the riot?,I needed to see you with my own eyes. How are you managing after the riot?,variants::KK_HOSPITAL_NPCS::[2]::dialogueChoices::[0]::playerText
KK Hospital,Kkhospital Colleague Checkin,Chat Option 1 — NPC Reply,"One hour at a time. The pain is real, but worse is lying here while people outside argue about us as though we are only headlines and trouble.","One hour at a time. The pain is real, but worse is lying here while people outside argue about us as though we are only headlines and trouble.","One hour at a time. The pain is real, but worse is lying here while people outside argue about us as though we are only headlines and trouble.",variants::KK_HOSPITAL_NPCS::[2]::dialogueChoices::[0]::npcReply
KK Hospital,Kkhospital Colleague Memory,Chat Option 2 — Player Option Text,Say you keep replaying the riot.,Say you keep replaying the riot.,Say you keep replaying the riot.,variants::KK_HOSPITAL_NPCS::[2]::dialogueChoices::[1]::label
KK Hospital,Kkhospital Colleague Memory,Chat Option 2 — Player Says,"I keep replaying that day, wondering whether any of us could have stopped it before it swallowed everyone.","I keep replaying that day, wondering whether any of us could have stopped it before it swallowed everyone.","I keep replaying that day, wondering whether any of us could have stopped it before it swallowed everyone.",variants::KK_HOSPITAL_NPCS::[2]::dialogueChoices::[1]::playerText
KK Hospital,Kkhospital Colleague Memory,Chat Option 2 — NPC Reply,"Maybe once, early on. But after the hoses came and people answered with whatever they could throw, fear and anger moved faster than sense. We were workers in a dispute, then suddenly we were bodies in a riot.","Maybe once, early on. But after the hoses came and people answered with whatever they could throw, fear and anger moved faster than sense. We were workers in a dispute, then suddenly we were bodies in a riot.","Maybe once, early on. But after the hoses came and people answered with whatever they could throw, fear and anger moved faster than sense. We were workers in a dispute, then suddenly we were bodies in a riot.",variants::KK_HOSPITAL_NPCS::[2]::dialogueChoices::[1]::npcReply
KK Hospital,Kkhospital Colleague Solidarity,Chat Option 3 — Player Option Text,Promise the workers still stand with him.,Promise the workers still stand with him.,Promise the workers still stand with him.,variants::KK_HOSPITAL_NPCS::[2]::dialogueChoices::[2]::label
KK Hospital,Kkhospital Colleague Solidarity,Chat Option 3 — Player Says,"You are not facing this alone. The rest of us still stand with you, and I came to make sure you knew that.","You are not facing this alone. The rest of us still stand with you, and I came to make sure you knew that.","You are not facing this alone. The rest of us still stand with you, and I came to make sure you knew that.",variants::KK_HOSPITAL_NPCS::[2]::dialogueChoices::[2]::playerText
KK Hospital,Kkhospital Colleague Solidarity,Chat Option 3 — NPC Reply,"That matters more than medicine some days. If we lose each other now, then the company, the police, and every critic who wanted us broken will have exactly what they wanted.","That matters more than medicine some days. If we lose each other now, then the company, the police, and every critic who wanted us broken will have exactly what they wanted.","That matters more than medicine some days. If we lose each other now, then the company, the police, and every critic who wanted us broken will have exactly what they wanted.",variants::KK_HOSPITAL_NPCS::[2]::dialogueChoices::[2]::npcReply
,,,,,,
Kallang Airport,,Scene Title,Post-Riot: Airport Departure,,,story::KALLANG_AIRPORT_ROUTE::sceneTitle
Kallang Airport,,Scene Description,"At the airport in April 1956, Rajiv sees Marshall leave for the First Merdeka Talks under the shadow of Hock Lee. British doubts about law and order now travel with the delegation.",,,story::KALLANG_AIRPORT_ROUTE::sceneSubtitle
Kallang Airport,David Marshall,NPC Name,David Marshall,David Marshall,David Marshall,variants::KALLANG_AIRPORT_NPCS::[0]::chatBubbleSpeaker
Kallang Airport,David Marshall,NPC Line 1,"I leave for London today to argue that Singapore is ready for Merdeka, ready to govern itself with dignity.","I leave for London today to argue that Singapore is ready for Merdeka, ready to govern itself with dignity.","I leave for London today to argue that Singapore is ready for Merdeka, ready to govern itself with dignity.",variants::KALLANG_AIRPORT_NPCS::[0]::chatBubbleTexts[0]
Kallang Airport,David Marshall,NPC Line 2,But every British question will begin with Hock Lee. They will say the riots prove we are not fit to rule ourselves.,But every British question will begin with Hock Lee. They will say the riots prove we are not fit to rule ourselves.,But every British question will begin with Hock Lee. They will say the riots prove we are not fit to rule ourselves.,variants::KALLANG_AIRPORT_NPCS::[0]::chatBubbleTexts[1]
Kallang Airport,David Marshall,NPC Line 3,"That is why discipline matters now as much as conviction. If we want self-government, we must show that grief and anger will not master us.","That is why discipline matters now as much as conviction. If we want self-government, we must show that grief and anger will not master us.","That is why discipline matters now as much as conviction. If we want self-government, we must show that grief and anger will not master us.",variants::KALLANG_AIRPORT_NPCS::[0]::chatBubbleTexts[2]
Kallang Airport,David Marshall,NPC Line 4,"Keep the peace while we press our case. What happens in London will matter, but so will what Singapore becomes while I am away.","Keep the peace while we press our case. What happens in London will matter, but so will what Singapore becomes while I am away.","Keep the peace while we press our case. What happens in London will matter, but so will what Singapore becomes while I am away.",variants::KALLANG_AIRPORT_NPCS::[0]::chatBubbleTexts[3]
Kallang Airport,Journalist,NPC Name,Journalist,Journalist,Journalist,variants::KALLANG_AIRPORT_NPCS::[1]::chatBubbleSpeaker
Kallang Airport,Journalist,NPC Line 1,"Every question on this tarmac leads back to Hock Lee. London will hear Marshall's Merdeka case, but it will also hear how shaken Singapore looked after the riots.","Every question on this tarmac leads back to Hock Lee. London will hear Marshall's Merdeka case, but it will also hear how shaken Singapore looked after the riots.","Every question on this tarmac leads back to Hock Lee. London will hear Marshall's Merdeka case, but it will also hear how shaken Singapore looked after the riots.",variants::KALLANG_AIRPORT_NPCS::[1]::chatBubbleTexts[0]
Kallang Airport,Journalist,NPC Line 2,We're not just reporting a departure. We're reporting whether self-government still sounds credible after blood on the streets.,We're not just reporting a departure. We're reporting whether self-government still sounds credible after blood on the streets.,We're not just reporting a departure. We're reporting whether self-government still sounds credible after blood on the streets.,variants::KALLANG_AIRPORT_NPCS::[1]::chatBubbleTexts[1]
Kallang Airport,Airport Aide,NPC Name,Airport Aide,Airport Aide,Airport Aide,variants::KALLANG_AIRPORT_NPCS::[2]::chatBubbleSpeaker
Kallang Airport,Airport Aide,NPC Line 1,Reporters keep asking whether London will trust Marshall after Hock Lee.,Reporters keep asking whether London will trust Marshall after Hock Lee.,Reporters keep asking whether London will trust Marshall after Hock Lee.,variants::KALLANG_AIRPORT_NPCS::[2]::chatBubbleTexts[0]
Kallang Airport,Airport Aide,NPC Line 2,"Everyone here is trying to look confident, but the whole delegation knows the riots have followed them onto the tarmac.","Everyone here is trying to look confident, but the whole delegation knows the riots have followed them onto the tarmac.","Everyone here is trying to look confident, but the whole delegation knows the riots have followed them onto the tarmac.",variants::KALLANG_AIRPORT_NPCS::[2]::chatBubbleTexts[1]
Kallang Airport,Private Secretary,NPC Name,Private Secretary,Private Secretary,Private Secretary,variants::KALLANG_AIRPORT_NPCS::[3]::chatBubbleSpeaker
Kallang Airport,Private Secretary,NPC Line 1,"His brief is clear: full internal self-government, not another half-measure dressed up as reform.","His brief is clear: full internal self-government, not another half-measure dressed up as reform.","His brief is clear: full internal self-government, not another half-measure dressed up as reform.",variants::KALLANG_AIRPORT_NPCS::[3]::chatBubbleTexts[0]
Kallang Airport,Private Secretary,NPC Line 2,The British will study every weakness in Singapore's case. These notes have to sound firm without pretending Hock Lee never happened.,The British will study every weakness in Singapore's case. These notes have to sound firm without pretending Hock Lee never happened.,The British will study every weakness in Singapore's case. These notes have to sound firm without pretending Hock Lee never happened.,variants::KALLANG_AIRPORT_NPCS::[3]::chatBubbleTexts[1]
Kallang Airport,Ground Officer,NPC Name,Ground Officer,Ground Officer,Ground Officer,variants::KALLANG_AIRPORT_NPCS::[4]::chatBubbleSpeaker
Kallang Airport,Ground Officer,NPC Line 1,Some people think he should have stayed to steady the city. Others think this trip cannot wait another week.,Some people think he should have stayed to steady the city. Others think this trip cannot wait another week.,Some people think he should have stayed to steady the city. Others think this trip cannot wait another week.,variants::KALLANG_AIRPORT_NPCS::[4]::chatBubbleTexts[0]
Kallang Airport,Ground Officer,NPC Line 2,That is the pressure of this moment: Singapore is still carrying Hock Lee at home while asking abroad to be trusted with its own future.,That is the pressure of this moment: Singapore is still carrying Hock Lee at home while asking abroad to be trusted with its own future.,That is the pressure of this moment: Singapore is still carrying Hock Lee at home while asking abroad to be trusted with its own future.,variants::KALLANG_AIRPORT_NPCS::[4]::chatBubbleTexts[1]
,,,,,,
School Gates,,Scene Title,,,Post-Riot: School Gates,story::SCHOOL_GATES_ROUTE::sceneTitle
School Gates,,Scene Description,,,"At the school gates, the memory of Hock Lee and later student unrest lives on in tighter discipline, warnings, and suspicion toward student politics.",story::SCHOOL_GATES_ROUTE::sceneSubtitle
School Gates,Headmaster,NPC Name,Headmaster,Headmaster,Headmaster,variants::SCHOOL_GATES_NPCS::[0]::chatBubbleSpeaker
School Gates,Headmaster,NPC Line 1,"School has reopened, but not as if Hock Lee and the unrest that followed never happened. We are reviewing which boys were publicly identified at strike lines, protests, and riots.","School has reopened, but not as if Hock Lee and the unrest that followed never happened. We are reviewing which boys were publicly identified at strike lines, protests, and riots.","School has reopened, but not as if Hock Lee and the unrest that followed never happened. We are reviewing which boys were publicly identified at strike lines, protests, and riots.",variants::SCHOOL_GATES_NPCS::[0]::chatBubbleTexts[0]
School Gates,Headmaster,NPC Line 2,Some will face suspension or expulsion. Others may return only after formal warnings and written undertakings promising to stay out of further agitation.,Some will face suspension or expulsion. Others may return only after formal warnings and written undertakings promising to stay out of further agitation.,Some will face suspension or expulsion. Others may return only after formal warnings and written undertakings promising to stay out of further agitation.,variants::SCHOOL_GATES_NPCS::[0]::chatBubbleTexts[1]
School Gates,Headmaster,NPC Line 3,Student unions will not resume as before. Administrators now mean to restrict political organising much more tightly.,Student unions will not resume as before. Administrators now mean to restrict political organising much more tightly.,Student unions will not resume as before. Administrators now mean to restrict political organising much more tightly.,variants::SCHOOL_GATES_NPCS::[0]::chatBubbleTexts[2]
School Gates,Teacher,NPC Name,Teacher,Teacher,Teacher,variants::SCHOOL_GATES_NPCS::[1]::chatBubbleSpeaker
School Gates,Teacher,NPC Line 1,"The consequences are not equal for every student. Much depends on who was seen, who was named, and who is believed to have been politically active.","The consequences are not equal for every student. Much depends on who was seen, who was named, and who is believed to have been politically active.","The consequences are not equal for every student. Much depends on who was seen, who was named, and who is believed to have been politically active.",variants::SCHOOL_GATES_NPCS::[1]::chatBubbleTexts[0]
School Gates,Teacher,NPC Line 2,"Some families say their children only followed the crowd at Hock Lee. But one speech, one arrest, or one newspaper photograph can be enough to bring discipline back into the classroom.","Some families say their children only followed the crowd at Hock Lee. But one speech, one arrest, or one newspaper photograph can be enough to bring discipline back into the classroom.","Some families say their children only followed the crowd at Hock Lee. But one speech, one arrest, or one newspaper photograph can be enough to bring discipline back into the classroom.",variants::SCHOOL_GATES_NPCS::[1]::chatBubbleTexts[1]
School Gates,Teacher,NPC Line 3,"That is why the mood here is so tense. Students are returning to lessons, but also to records, warnings, and the fear of being marked out.","That is why the mood here is so tense. Students are returning to lessons, but also to records, warnings, and the fear of being marked out.","That is why the mood here is so tense. Students are returning to lessons, but also to records, warnings, and the fear of being marked out.",variants::SCHOOL_GATES_NPCS::[1]::chatBubbleTexts[2]
School Gates,Reporter,NPC Name,Reporter,Reporter,Reporter,variants::SCHOOL_GATES_NPCS::[2]::chatBubbleSpeaker
School Gates,Reporter,NPC Line 1,"Parents want to know what comes next. Are students being suspended, expelled, or merely warned?","Parents want to know what comes next. Are students being suspended, expelled, or merely warned?","Parents want to know what comes next. Are students being suspended, expelled, or merely warned?",variants::SCHOOL_GATES_NPCS::[2]::chatBubbleTexts[0]
School Gates,Reporter,NPC Line 2,The story no longer ends at Hock Lee itself. It continues in how schools decide who may quietly return and who will be made an example of.,The story no longer ends at Hock Lee itself. It continues in how schools decide who may quietly return and who will be made an example of.,The story no longer ends at Hock Lee itself. It continues in how schools decide who may quietly return and who will be made an example of.,variants::SCHOOL_GATES_NPCS::[2]::chatBubbleTexts[1]
,,,,,,
Home (Bus Worker) — Return,,Scene Title,,Post-Riot: Home,,story::HOME_BUS_WORKER_RETURN_ROUTE::sceneTitle
Home (Bus Worker) — Return,,Scene Description,,"Back home, Ahmad is safe, but safety does not settle what the strike meant or what the next dispute might demand.",,story::HOME_BUS_WORKER_RETURN_ROUTE::sceneSubtitle
Home (Bus Worker) — Return,Aminah,NPC Name,,Aminah,,variants::HOME_BUS_WORKER_RETURN_WIFE_NPC::chatBubbleSpeaker
Home (Bus Worker) — Return,Aminah,NPC Line 1,,"You're home, and that is more than I dared promise myself after the rumours and the shouting. Sit with me and tell me honestly, after everything that happened, what do you think remains?",,variants::HOME_BUS_WORKER_RETURN_WIFE_NPC::chatBubbleTexts[0]
Home (Bus Worker) — Return,Riots Cost Too High,Chat Option 1 — Player Option Text,,Too many people paid too high a price.,,variants::HOME_BUS_WORKER_RETURN_WIFE_NPC::dialogueChoices::[0]::label
Home (Bus Worker) — Return,Riots Cost Too High,Chat Option 1 — Player Says,,"That is what stays with me most. What began as a fight over dismissals, wages, and fair treatment turned into something far worse once the hoses came out and the streets filled with panic. It is hard to come home and call any of that a simple victory.",,variants::HOME_BUS_WORKER_RETURN_WIFE_NPC::dialogueChoices::[0]::playerText
Home (Bus Worker) — Return,Riots Cost Too High,Chat Option 1 — NPC Reply,,"Then we must not talk about these days as if they were only slogans and speeches. If the city remembers anything, it should remember what ordinary people went through.",,variants::HOME_BUS_WORKER_RETURN_WIFE_NPC::dialogueChoices::[0]::npcReply
Home (Bus Worker) — Return,Riots Uncertain Result,Chat Option 2 — Player Option Text,,I still do not know what all this achieved.,,variants::HOME_BUS_WORKER_RETURN_WIFE_NPC::dialogueChoices::[1]::label
Home (Bus Worker) — Return,Riots Uncertain Result,Chat Option 2 — Player Says,,"That doubt has followed me home. The dismissed men were taken back, yes, but the problems were real before the riots and they are real now. I cannot say clearly what was won against everything that was broken.",,variants::HOME_BUS_WORKER_RETURN_WIFE_NPC::dialogueChoices::[1]::playerText
Home (Bus Worker) — Return,Riots Uncertain Result,Chat Option 2 — NPC Reply,,"That may be the truest answer anyone can give tonight. Most families live in the part after the shouting, where the losses are real and the meaning is still unsettled.",,variants::HOME_BUS_WORKER_RETURN_WIFE_NPC::dialogueChoices::[1]::npcReply
Home (Bus Worker) — Return,Riots Home Changed,Chat Option 3 — Player Option Text,,Coming home changes what the struggle means to me.,,variants::HOME_BUS_WORKER_RETURN_WIFE_NPC::dialogueChoices::[2]::label
Home (Bus Worker) — Return,Riots Home Changed,Chat Option 3 — Player Says,,"Out there I kept thinking about the cause and whether the men would finally be heard. Standing here again, I still feel the same anger, but I also feel how close all of it came to taking me away from this house entirely.",,variants::HOME_BUS_WORKER_RETURN_WIFE_NPC::dialogueChoices::[2]::playerText
Home (Bus Worker) — Return,Riots Home Changed,Chat Option 3 — NPC Reply,,"Then hold on to both truths. What drove the men into action mattered, and so does the fact that every public struggle returns home at the end of the day.",,variants::HOME_BUS_WORKER_RETURN_WIFE_NPC::dialogueChoices::[2]::npcReply
Home (Bus Worker) — Return,Home Bus Worker Driver Badge,NPC Line,,"The driver's badge feels smaller than the unrest around it, but it still carries the weight of work, identity, and survival.",,variants::HOME_BUS_WORKER_RETURN_ARTIFACT_NPCS::[1]::chatBubbleText
,,,,,,
Home (Chinese Student) — Return,,Scene Title,,,Post-Riot: Home,story::HOME_STUDENT_RETURN_ROUTE::sceneTitle
Home (Chinese Student) — Return,,Scene Description,,,"At home again, Kim Chuan returns with the newspaper version of events in one hand and what he actually saw still unsettled in his mind.",story::HOME_STUDENT_RETURN_ROUTE::sceneSubtitle
Home (Chinese Student) — Return,Ong Kim Wah,NPC Name,,,Ong Kim Wah,variants::HOME_CHINESE_STUDENT_RETURN_SIBLING_NPC::chatBubbleSpeaker
Home (Chinese Student) — Return,Ong Kim Wah,NPC Line 1,,,"Kim Chuan, you've been carrying that silence home with you. The papers keep arguing over blame and order, but you were there. If you want, tell me what has stayed with you after all of it.",variants::HOME_CHINESE_STUDENT_RETURN_SIBLING_NPC::chatBubbleTexts[0]
Home (Chinese Student) — Return,Post Riot Headlines Flatten,Chat Option 1 — Player Option Text,,,The headlines feel too neat.,variants::HOME_CHINESE_STUDENT_RETURN_SIBLING_NPC::dialogueChoices::[0]::label
Home (Chinese Student) — Return,Post Riot Headlines Flatten,Chat Option 1 — Player Says,,,"The newspaper makes everything sound settled: crowds, police, disorder, casualties. But what I remember is confusion. People were shouting one moment and trying to drag each other out of danger the next. It does not fit into the tidy version printed after the fact.",variants::HOME_CHINESE_STUDENT_RETURN_SIBLING_NPC::dialogueChoices::[0]::playerText
Home (Chinese Student) — Return,Post Riot Headlines Flatten,Chat Option 1 — NPC Reply,,,"That is often how these things live on. The public gets a clean story to argue over, while the people who stood inside it are left with fragments that never become so simple.",variants::HOME_CHINESE_STUDENT_RETURN_SIBLING_NPC::dialogueChoices::[0]::npcReply
Home (Chinese Student) — Return,Post Riot Conviction To Fear,Chat Option 2 — Player Option Text,,,I saw conviction turn into fear very quickly.,variants::HOME_CHINESE_STUDENT_RETURN_SIBLING_NPC::dialogueChoices::[1]::label
Home (Chinese Student) — Return,Post Riot Conviction To Fear,Chat Option 2 — Player Says,,,"I thought I understood why people were angry. Then the hoses came, stones flew, and suddenly everyone was moving on instinct. What unsettles me most is how fast a cause can turn into panic when the street loses control.",variants::HOME_CHINESE_STUDENT_RETURN_SIBLING_NPC::dialogueChoices::[1]::playerText
Home (Chinese Student) — Return,Post Riot Conviction To Fear,Chat Option 2 — NPC Reply,,,Remembering that matters. It does not mean the anger was false. It means you have seen how quickly a struggle with real grievances can become something larger and more dangerous than anyone meant to carry.,variants::HOME_CHINESE_STUDENT_RETURN_SIBLING_NPC::dialogueChoices::[1]::npcReply
Home (Chinese Student) — Return,Post Riot School Home Not Separate,Chat Option 3 — Player Option Text,,,School and home do not feel separate anymore.,variants::HOME_CHINESE_STUDENT_RETURN_SIBLING_NPC::dialogueChoices::[2]::label
Home (Chinese Student) — Return,Post Riot School Home Not Separate,Chat Option 3 — Player Says,,,"Before this, school felt like one world and labour disputes another. Now every warning from teachers sounds different. What happened at Hock Lee followed us back through the gates and into this room.",variants::HOME_CHINESE_STUDENT_RETURN_SIBLING_NPC::dialogueChoices::[2]::playerText
Home (Chinese Student) — Return,Post Riot School Home Not Separate,Chat Option 3 — NPC Reply,,,"It always could. Workers, students, and families were never as separate as officials liked to pretend. These days have only made that truth harder to ignore.",variants::HOME_CHINESE_STUDENT_RETURN_SIBLING_NPC::dialogueChoices::[2]::npcReply
Home (Chinese Student) — Return,Post Riot No Simple Victory,Chat Option 4 — Player Option Text,,,I still cannot call it a simple victory.,variants::HOME_CHINESE_STUDENT_RETURN_SIBLING_NPC::dialogueChoices::[3]::label
Home (Chinese Student) — Return,Post Riot No Simple Victory,Chat Option 4 — Player Says,,,"The dismissed men were reinstated, and I know why people fought so hard. But after the fear, the injuries, and the funerals, I cannot say the ending feels clean. Too much was proven, and too much was lost at the same time.",variants::HOME_CHINESE_STUDENT_RETURN_SIBLING_NPC::dialogueChoices::[3]::playerText
Home (Chinese Student) — Return,Post Riot No Simple Victory,Chat Option 4 — NPC Reply,,,You do not have to force a cleaner answer than the truth allows. Reflection begins there: holding together why people acted and what the cost has made impossible to forget.,variants::HOME_CHINESE_STUDENT_RETURN_SIBLING_NPC::dialogueChoices::[3]::npcReply
